l3_id	buyer_id	year	month_id	volume	predict_smoothing_seas	predict_holt_seas	predict_arima	sellin_corr	predict_smoothing_corr_seas	predict_holt_corr_seas	predict_arima_corr	date_upload	best_model	Best_model
Другое	"ООО ""СЕМЕЙНЫЙ ДОКТОР"""	2019	2	8,0	0,0	0,0	0,0	8,0	0,0	0,0	0,0	2023-05-31 10:12:57.567350		predict_arima_corr
Другое	"ООО ""СЕМЕЙНЫЙ ДОКТОР"""	2019	3	17,0	10,344827619084418	9,44681881799418	7,999680774963789	17,0	10,290948309690837	10,61631846896499	7,999682859911667	2023-05-31 10:12:57.567350		predict_arima_corr
Другое	"ООО ""СЕМЕЙНЫЙ ДОКТОР"""	2019	4	3,0	3,0342864231773357	1,9195556548329922	13,013176717784194	3,0	3,0198221343596017	2,3841641947155447	13,019763131805856	2023-05-31 10:12:57.567350		predict_arima_corr
Другое	"ООО ""СЕМЕЙНЫЙ ДОКТОР"""	2019	5	1e-06	17,5667537958784	20,282516545746045	7,55050863263594	1e-06	17,496976087225093	21,113918940946796	7,558339879292539	2023-05-31 10:12:57.567350		predict_arima_corr
Другое	"ООО ""СЕМЕЙНЫЙ ДОКТОР"""	2019	6	14,0	11,612091161423601	3,5235481981929775	11,266787919029198	14,0	11,567426445252714	6,145373982279984	11,105623743306653	2023-05-31 10:12:57.567350		predict_arima_corr
Другое	"ООО ""СЕМЕЙНЫЙ ДОКТОР"""	2019	7	26,0	7,121304603388154	0,1783319615750305	8,79734749143934	25,25	7,093913236861166	1,0914496082551013	8,877849039812684	2023-05-31 10:12:57.567350		predict_arima_corr
Другое	"ООО ""СЕМЕЙНЫЙ ДОКТОР"""	2019	8	3,0	10,562451362745355	10,926187454300528	4,246960689730084	3,0	10,52809095354345	10,312743446028511	4,370504506075644	2023-05-31 10:12:57.567350		predict_arima_corr
Другое	"ООО ""СЕМЕЙНЫЙ ДОКТОР"""	2019	9	13,0	6,8694300370566745	11,566528019097628	7,807140902828199	13,0	6,8046340744477085	11,285483065753988	7,913487556746384	2023-05-31 10:12:57.567350		predict_arima_corr
Другое	"ООО ""СЕМЕЙНЫЙ ДОКТОР"""	2019	10	9,0	10,409827904052108	3,508011597853479	12,785281849411264	9,0	10,314585345606547	6,719064544881312	12,185715142141557	2023-05-31 10:12:57.567350		predict_arima_corr
Другое	"ООО ""СЕМЕЙНЫЙ ДОКТОР"""	2019	11	8,0	7,351657558174729	6,4236876141612935	7,801173983342092	8,0	7,292890866429277	6,867086755261428	6,929151535089076	2023-05-31 10:12:57.567350		predict_arima_corr
Другое	"ООО ""СЕМЕЙНЫЙ ДОКТОР"""	2019	12	12,0	9,574829948746537	6,343847809431239	12,210122086212692	12,0	9,505069840561394	7,543702167824133	11,754817238737315	2023-05-31 10:12:57.567350		predict_arima_corr
Другое	"ООО ""СЕМЕЙНЫЙ ДОКТОР"""	2020	1	17,0	10,841008875381618	6,430059722988724	19,784563938300792	17,0	10,768376291793091	7,609055282490982	19,708890181959312	2023-05-31 10:12:57.567350		predict_arima_corr
Другое	"ООО ""СЕМЕЙНЫЙ ДОКТОР"""	2020	2	17,0	12,465079506001434	10,494358851932963	13,022495727071874	17,0	12,391437452713038	11,24943762107964	13,869828055713228	2023-05-31 10:12:57.567350		predict_arima_corr
Другое	"ООО ""СЕМЕЙНЫЙ ДОКТОР"""	2020	3	7,0	11,67768393336752	13,081842717047103	3,554649453580396	7,0	11,619516313894426	13,790381624115184	3,371397618390956	2023-05-31 10:12:57.567350		predict_arima_corr
Другое	"ООО ""СЕМЕЙНЫЙ ДОКТОР"""	2020	4	9,0	3,6813870805933635	3,9946154573235453	9,653479467384127	9,0	3,665771564036665	4,4227219730593195	10,136792258349674	2023-05-31 10:12:57.567350		predict_arima_corr
Другое	"ООО ""СЕМЕЙНЫЙ ДОКТОР"""	2020	5	27,0	18,96554953462618	9,793728350245253	15,761028978567428	25,25	18,89021814581789	13,606933418085937	15,003497023348928	2023-05-31 10:12:57.567350		predict_arima_corr
Другое	"ООО ""СЕМЕЙНЫЙ ДОКТОР"""	2020	6	15,0	13,242682076624384	8,016372619048973	12,728846485758805	15,0	13,194462449399328	9,2993927850007	12,987600855239647	2023-05-31 10:12:57.567350		predict_arima_corr
Другое	"ООО ""СЕМЕЙНЫЙ ДОКТОР"""	2020	7	6,0	10,375724483752032	15,74701554636226	7,837701814900962	6,0	10,200032322814385	14,593063126057942	7,649503134427725	2023-05-31 10:12:57.567350		predict_arima_corr
Другое	"ООО ""СЕМЕЙНЫЙ ДОКТОР"""	2020	8	21,0	14,761255646955261	13,55153352344541	22,481165804193566	21,0	14,540863044876177	16,06009442090903	22,62039113527357	2023-05-31 10:12:57.567350		predict_arima_corr
Другое	"ООО ""СЕМЕЙНЫЙ ДОКТОР"""	2020	9	14,0	7,664978094611515	3,1736915250595277	15,293534747229858	14,0	7,556251077237558	4,666621875761507	14,701569209380905	2023-05-31 10:12:57.567350		predict_arima_corr
Другое	"ООО ""СЕМЕЙНЫЙ ДОКТОР"""	2020	10	6,0	13,454560808576494	15,337555653546515	8,142803810978581	6,0	13,294744689023734	15,449428603444746	7,263961326729126	2023-05-31 10:12:57.567350		predict_arima_corr
Другое	"ООО ""СЕМЕЙНЫЙ ДОКТОР"""	2020	11	20,0	9,301751335836023	7,638824450771557	22,480494753470396	20,0	9,203141378407388	8,938755490695435	21,802683663699923	2023-05-31 10:12:57.567350		predict_arima_corr
Другое	"ООО ""СЕМЕЙНЫЙ ДОКТОР"""	2020	12	9,0	11,607090029789761	4,638343815113424	17,503307943917463	9,0	11,490033222710156	6,586004822517195	17,35320165334316	2023-05-31 10:12:57.567350		predict_arima_corr
Другое	"ООО ""СЕМЕЙНЫЙ ДОКТОР"""	2021	1	7,0	14,264832024462281	15,359006065596667	6,009654499506109	7,0	14,142955230603949	15,428854400855272	6,151129169059339	2023-05-31 10:12:57.567350		predict_arima_corr
Другое	"ООО ""СЕМЕЙНЫЙ ДОКТОР"""	2021	2	9,0	15,568138239356335	8,909593131987998	10,480529086652416	9,0	15,444567564811976	11,395610113202038	11,284881773019809	2023-05-31 10:12:57.567350		predict_arima_corr
Другое	"ООО ""СЕМЕЙНЫЙ ДОКТОР"""	2021	3	12,0	13,051109518586909	5,7849427884799045	14,392434918995143	12,0	12,953504798811087	7,291395603623229	15,023145976822498	2023-05-31 10:12:57.567350		predict_arima_corr
Другое	"ООО ""СЕМЕЙНЫЙ ДОКТОР"""	2021	4	1e-06	3,792950162431869	2,124150033813021	10,470460745631662	1e-06	3,7667474721468355	2,3591463003909126	9,929851442207614	2023-05-31 10:12:57.567350		predict_arima_corr
Другое	"ООО ""СЕМЕЙНЫЙ ДОКТОР"""	2021	5	11,0	20,365198301754468	15,128827027743112	6,252641229520821	11,0	20,238792938056243	16,104536091651404	6,8465735156055345	2023-05-31 10:12:57.567350		predict_arima_corr
Другое	"ООО ""СЕМЕЙНЫЙ ДОКТОР"""	2021	6	10,0	13,035764974477	0,8254985460401385	5,471973260654178	10,0	12,954852892366215	3,031464693781805	5,546527887010282	2023-05-31 10:12:57.567350		predict_arima_corr
Другое	"ООО ""СЕМЕЙНЫЙ ДОКТОР"""	2021	7	9,0	8,912868623784385	6,393443612939039	9,924550097284435	9,0	8,863247968207421	6,222683647335484	9,28300569644715	2023-05-31 10:12:57.567350		predict_arima_corr
Другое	"ООО ""СЕМЕЙНЫЙ ДОКТОР"""	2021	8	6,0	12,344316445128522	8,742440161305089	4,229336565761702	6,0	12,282071064679485	9,494429611909352	4,248074271695765	2023-05-31 10:12:57.567350		predict_arima_corr
Другое	"ООО ""СЕМЕЙНЫЙ ДОКТОР"""	2021	9	2,0	6,6640007272845425	4,3490964841181805	5,571734444313116	2,0	6,633293006164655	4,932251054830185	4,832583141101127	2023-05-31 10:12:57.567350		predict_arima_corr
Другое	"ООО ""СЕМЕЙНЫЙ ДОКТОР"""	2021	10	12,0	10,420432188247986	4,886893131915016	11,899030086893895	12,0	10,375295395680507	6,007390992638495	12,039261750838588	2023-05-31 10:12:57.567350		predict_arima_corr
Другое	"ООО ""СЕМЕЙНЫЙ ДОКТОР"""	2021	11	1e-06	6,572486266321523	1,2516126009291704	6,010271758587931	1e-06	6,5446359017525415	1,9783880904571838	5,672830814830858	2023-05-31 10:12:57.567350		predict_arima_corr
Другое	"ООО ""СЕМЕЙНЫЙ ДОКТОР"""	2021	12	9,0	8,932535456377284	7,995287316545406	9,891399761827586	9,0	8,899475156611844	7,700882398435815	10,514379042115849	2023-05-31 10:12:57.567350		predict_arima_corr
Другое	"ООО ""СЕМЕЙНЫЙ ДОКТОР"""	2022	1	0,0	9,3003458950219	0,7241258734206589	11,951618193447164	0,0	9,265924288624701	2,392961381846716	11,920055082600882	2023-05-31 10:12:57.567350		predict_arima_corr
Другое	"ООО ""СЕМЕЙНЫЙ ДОКТОР"""	2022	2	0,0	10,47733880677693	0,6358659514251629	6,023540111004106	0,0	10,438561019738922	2,40150356537525	6,363711752986805	2023-05-31 10:12:57.567350		predict_arima_corr
Другое	"ООО ""СЕМЕЙНЫЙ ДОКТОР"""	2022	3	0,0	9,19525717212753	0,4355310103356856	0,8558614088097212	0,0	9,1612245106897	1,8786367266315693	0,4171934463434992	2023-05-31 10:12:57.567350		predict_arima_corr
Другое	"ООО ""СЕМЕЙНЫЙ ДОКТОР"""	2022	4	0,0	2,742814490550204	0,10151507852923909	12,981641488731471	0,0	2,732663031466861	0,49977187317311167	13,207504724268123	2023-05-31 10:12:57.567350		predict_arima_corr
Другое	"ООО ""СЕМЕЙНЫЙ ДОКТОР"""	2022	5	0,0	14,7019027208139	0,4257181702964432	7,953624029311156	0,0	14,64748935657369	2,3905282765572458	8,27118082873515	2023-05-31 10:12:57.567350		predict_arima_corr
Другое	"ООО ""СЕМЕЙНЫЙ ДОКТОР"""	2022	6	0,0	10,456321062198054	0,2371783272396916	5,839935368293596	0,0	10,41762106415192	1,5180689247976766	5,86087531480281	2023-05-31 10:12:57.567350		predict_arima_corr
Другое	"ООО ""СЕМЕЙНЫЙ ДОКТОР"""	2022	7	0,0	7,125010704266793	0,1267533148023014	13,111411314807135	0,0	7,098640253446316	0,9241370465024912	14,248563486389443	2023-05-31 10:12:57.567350		predict_arima_corr
Другое	"ООО ""СЕМЕЙНЫЙ ДОКТОР"""	2022	8	0,0	9,930877840057164	0,13872884424494175	8,330576581479466	0,0	9,894122565355813	1,1513877020198156	8,002385353811833	2023-05-31 10:12:57.567350		predict_arima_corr
Другое	"ООО ""СЕМЕЙНЫЙ ДОКТОР"""	2022	9	0,0	5,443592314949748	0,059785383329134655	7,669709255704162	0,0	5,42344497912299	0,5644769481578658	7,800321073649899	2023-05-31 10:12:57.567350		predict_arima_corr
Другое	"ООО ""СЕМЕЙНЫЙ ДОКТОР"""	2022	10	0,0	8,890500071899334	0,07685785533239393	7,640542262187913	0,0	8,857595350117643	0,8250036069641057	7,549720591183177	2023-05-31 10:12:57.567350		predict_arima_corr
Другое	"ООО ""СЕМЕЙНЫЙ ДОКТОР"""	2022	11	0,0	6,095142593060341	0,04152583028239931	13,247405742459136	0,0	6,072583797759467	0,5064350102781142	14,27672529466299	2023-05-31 10:12:57.567350		predict_arima_corr
Другое	"ООО ""СЕМЕЙНЫЙ ДОКТОР"""	2022	12	0,0	8,039282004951376	0,043215668801306104	9,935598098785132	0,0	8,009527735162482	0,5984215942316754	9,896833437918197	2023-05-31 10:12:57.567350		predict_arima_corr
Другое	"ООО ""СЕМЕЙНЫЙ ДОКТОР"""	2023	1	0,0	9,3003458950219	0,03949363874939755	7,779649085660354	0,0	9,265924288624701	0,6205517237177293	8,894655366105553	2023-05-31 10:12:57.567350		predict_arima_corr
Другое	"ООО ""СЕМЕЙНЫЙ ДОКТОР"""	2023	2	0,0	10,47733880677693	0,03518804098241214	10,409554559473296	0,0	10,438561019738922	0,6269838013846757	10,68668550679756	2023-05-31 10:12:57.567350		predict_arima_corr
Другое	"ООО ""СЕМЕЙНЫЙ ДОКТОР"""	2023	3	0,0	9,19525717212753	0,02445307352678569	12,578151128534275	0,0	9,1612245106897	0,49377833149446093	12,669853833548057	2023-05-31 10:12:57.567350		predict_arima_corr
Другое	"ООО ""СЕМЕЙНЫЙ ДОКТОР"""	2023	4	0,0	2,742814490550204	0,005782269828054167	6,749607608772781	0,0	2,732663031466861	0,13223992189167583	7,277035035859237	2023-05-31 10:12:57.567350		predict_arima_corr
Другое	"ООО ""СЕМЕЙНЫЙ ДОКТОР"""	2023	5	0,0	14,7019027208139	0,024598699494412186	9,404238569197636	0,0	14,64748935657369	0,6367540334739559	9,818915425327924	2023-05-31 10:12:57.567350		predict_arima_corr
Другое	"ООО ""СЕМЕЙНЫЙ ДОКТОР"""	2023	6	0,0	10,456321062198054	0,013901319085993702	14,387391915460057	0,0	10,41762106415192	0,4070445278782723	15,798867435775819	2023-05-31 10:12:57.567350		predict_arima_corr
зубная паста	"ООО ""СЕМЕЙНЫЙ ДОКТОР"""	2019	1	1,0	0,0	0,0	0,0	1,0	0,0	0,0	0,0	2023-05-31 10:12:57.567350		predict_smoothing_seas
зубная паста	"ООО ""СЕМЕЙНЫЙ ДОКТОР"""	2019	2	3,0	3,466136436859331	4,048172134612832	0,9999845359043362	3,0	3,466136436859331	3,750742733489627	0,9999877927016624	2023-05-31 10:12:57.567350		predict_smoothing_seas
зубная паста	"ООО ""СЕМЕЙНЫЙ ДОКТОР"""	2019	3	10,0	5,091149588162254	4,319644411514846	2,315612431799643	10,0	5,091149588162254	4,661327447024891	2,2965181894149933	2023-05-31 10:12:57.567350		predict_smoothing_seas
зубная паста	"ООО ""СЕМЕЙНЫЙ ДОКТОР"""	2019	4	8,0	2,611638253818457	2,239358258151884	4,739982776843395	8,0	2,611638253818457	2,6397825285979337	4,564521190566289	2023-05-31 10:12:57.567350		predict_smoothing_seas
зубная паста	"ООО ""СЕМЕЙНЫЙ ДОКТОР"""	2019	5	1e-06	1,2422644129775204	1,7467623446123481	3,1796077691158526	1e-06	1,2422644129775204	2,0364965247976694	3,1662582844696807	2023-05-31 10:12:57.567350		predict_smoothing_seas
зубная паста	"ООО ""СЕМЕЙНЫЙ ДОКТОР"""	2019	6	6,0	4,451993148565491	6,488296364399409	5,128216541411429	6,0	4,451993148565491	7,686064375929917	5,384572972131797	2023-05-31 10:12:57.567350		predict_smoothing_seas
зубная паста	"ООО ""СЕМЕЙНЫЙ ДОКТОР"""	2019	7	23,0	6,534284866187016	6,134757204356283	8,850153829512639	17,125	6,534284866187016	7,8554191818992125	9,234030666066369	2023-05-31 10:12:57.567350		predict_smoothing_seas
зубная паста	"ООО ""СЕМЕЙНЫЙ ДОКТОР"""	2019	8	5,0	3,410624007854154	3,700650002494909	6,99324374382223	5,0	3,410624007854154	4,493475467789267	5,613787155802148	2023-05-31 10:12:57.567350		predict_smoothing_seas
зубная паста	"ООО ""СЕМЕЙНЫЙ ДОКТОР"""	2019	9	2,0	2,8031308393958416	5,381832977940703	1,0921277681000667	2,0	2,527171439602518	4,864442283764145	2,181986038084088	2023-05-31 10:12:57.567350		predict_smoothing_seas
зубная паста	"ООО ""СЕМЕЙНЫЙ ДОКТОР"""	2019	10	10,0	7,107818705075503	10,387548209656087	12,74107888459425	10,0	6,467670289898705	10,168340799894176	10,778223969076333	2023-05-31 10:12:57.567350		predict_smoothing_seas
зубная паста	"ООО ""СЕМЕЙНЫЙ ДОКТОР"""	2019	11	8,0	3,8324228593634526	4,019449556993329	9,650798179776617	8,0	3,499853221394434	4,154301219110125	9,381085796632684	2023-05-31 10:12:57.567350		predict_smoothing_seas
зубная паста	"ООО ""СЕМЕЙНЫЙ ДОКТОР"""	2019	12	5,0	10,26945396014229	12,46762403575066	4,783966776380068	5,0	9,528434618522013	13,27989822298229	3,902688282054272	2023-05-31 10:12:57.567350		predict_smoothing_seas
зубная паста	"ООО ""СЕМЕЙНЫЙ ДОКТОР"""	2020	1	6,0	3,7208349759113863	4,408756024516664	3,4051439541564514	6,0	3,4873195321347867	4,7827936707797285	3,5817884817660106	2023-05-31 10:12:57.567350		predict_smoothing_seas
зубная паста	"ООО ""СЕМЕЙНЫЙ ДОКТОР"""	2020	2	11,0	6,026787418483983	6,158277466677963	10,245829323838963	11,0	5,679927617463266	6,7976795321542385	8,980392988318213	2023-05-31 10:12:57.567350		predict_smoothing_seas
зубная паста	"ООО ""СЕМЕЙНЫЙ ДОКТОР"""	2020	3	9,0	9,526044318256451	9,325476515177613	11,47423159021961	9,0	9,032390048884563	10,319450265851124	9,770207478902929	2023-05-31 10:12:57.567350		predict_smoothing_seas
зубная паста	"ООО ""СЕМЕЙНЫЙ ДОКТОР"""	2020	4	5,0	5,326537116105839	6,274269577325111	4,184001166342806	5,0	5,097059682509506	6,831088592650911	3,887406686987779	2023-05-31 10:12:57.567350		predict_smoothing_seas
зубная паста	"ООО ""СЕМЕЙНЫЙ ДОКТОР"""	2020	5	3,0	2,168629437146446	2,545407242580938	5,095741089737975	3,0	2,0876207157064024	2,773737271439339	6,431176988797837	2023-05-31 10:12:57.567350		predict_smoothing_seas
зубная паста	"ООО ""СЕМЕЙНЫЙ ДОКТОР"""	2020	6	3,0	6,841536825793763	6,798667872632598	2,354116066343943	3,0	6,605353532031717	7,4945956116030645	5,071821083233042	2023-05-31 10:12:57.567350		predict_smoothing_seas
зубная паста	"ООО ""СЕМЕЙНЫЙ ДОКТОР"""	2020	7	6,0	10,549138044482836	8,407276284225677	9,83654679516713	6,0	10,202486818704305	9,392060816191846	8,240498979152626	2023-05-31 10:12:57.567350		predict_smoothing_seas
зубная паста	"ООО ""СЕМЕЙНЫЙ ДОКТОР"""	2020	8	5,0	4,94659698004471	3,3884948228995038	7,671904879701121	5,0	4,792299247660558	3,800388597434031	4,919416714409468	2023-05-31 10:12:57.567350		predict_smoothing_seas
зубная паста	"ООО ""СЕМЕЙНЫЙ ДОКТОР"""	2020	9	4,0	2,780462828828342	2,197055661611301	5,100162373901731	4,0	2,7025237434571387	2,4117099431002416	4,094377031384555	2023-05-31 10:12:57.567350		predict_smoothing_seas
зубная паста	"ООО ""СЕМЕЙНЫЙ ДОКТОР"""	2020	10	10,0	7,055235277763864	5,636972285743199	10,482486988772987	10,0	6,874438457586435	6,160457689401164	10,594557590179335	2023-05-31 10:12:57.567350		predict_smoothing_seas
зубная паста	"ООО ""СЕМЕЙНЫЙ ДОКТОР"""	2020	11	6,0	3,9448765859080748	2,974907498594867	9,988432434829589	6,0	3,850949097208832	3,255815549210173	8,89841850260499	2023-05-31 10:12:57.567350		predict_smoothing_seas
зубная паста	"ООО ""СЕМЕЙНЫЙ ДОКТОР"""	2020	12	11,0	10,52001918586685	10,988447636669045	5,533241606978158	11,0	10,310733436689581	11,768625586086761	5,2658686755076705	2023-05-31 10:12:57.567350		predict_smoothing_seas
зубная паста	"ООО ""СЕМЕЙНЫЙ ДОКТОР"""	2021	1	6,0	3,678632573512607	3,6464471243719663	5,562814983169256	6,0	3,612680914965627	3,929440024670287	7,123942892033599	2023-05-31 10:12:57.567350		predict_smoothing_seas
зубная паста	"ООО ""СЕМЕЙНЫЙ ДОКТОР"""	2021	2	7,0	6,564008906327571	7,764475712301275	6,297046681024527	7,0	6,466045453501398	8,29567978049598	4,742631703188113	2023-05-31 10:12:57.567350		predict_smoothing_seas
зубная паста	"ООО ""СЕМЕЙНЫЙ ДОКТОР"""	2021	3	15,0	10,290623206590832	10,82086395197302	11,619144051701278	15,0	10,151200660110264	11,671499305383751	10,261688583255816	2023-05-31 10:12:57.567350		predict_smoothing_seas
зубная паста	"ООО ""СЕМЕЙНЫЙ ДОКТОР"""	2021	4	4,0	5,355296159191618	5,468687538706432	7,5660694403537	4,0	5,290484953988157	5,906017346000667	6,232154354242219	2023-05-31 10:12:57.567350		predict_smoothing_seas
зубная паста	"ООО ""СЕМЕЙНЫЙ ДОКТОР"""	2021	5	4,0	2,3709736794623817	3,111927021674479	6,562259709193799	4,0	2,348094423815152	3,3129208250331863	4,811174345495889	2023-05-31 10:12:57.567350		predict_smoothing_seas
зубная паста	"ООО ""СЕМЕЙНЫЙ ДОКТОР"""	2021	6	14,0	7,32771050460589	7,476985000155429	11,105178534270014	14,0	7,261005366424121	8,10163061396559	11,398648453024133	2023-05-31 10:12:57.567350		predict_smoothing_seas
зубная паста	"ООО ""СЕМЕЙНЫЙ ДОКТОР"""	2021	7	6,0	11,43192860651799	9,723615235243054	6,450771849938235	6,0	11,334024061500791	10,637047688187119	5,68054525753252	2023-05-31 10:12:57.567350		predict_smoothing_seas
зубная паста	"ООО ""СЕМЕЙНЫЙ ДОКТОР"""	2021	8	8,0	6,260147650693879	7,346592307665017	3,7563189021985064	8,0	6,216569413656554	7,844477356959421	3,070702878988875	2023-05-31 10:12:57.567350		predict_smoothing_seas
зубная паста	"ООО ""СЕМЕЙНЫЙ ДОКТОР"""	2021	9	4,0	3,4439653721077352	3,4945319658311034	4,164694320272473	4,0	3,4219530723525935	3,7694284797381057	3,39051031269741	2023-05-31 10:12:57.567350		predict_smoothing_seas
зубная паста	"ООО ""СЕМЕЙНЫЙ ДОКТОР"""	2021	10	5,0	8,957579874582134	9,004756883352105	7,777300708004554	5,0	8,906517512462186	9,704550673147825	6,330531110352913	2023-05-31 10:12:57.567350		predict_smoothing_seas
зубная паста	"ООО ""СЕМЕЙНЫЙ ДОКТОР"""	2021	11	1e-06	4,9331818583368765	4,11259433830467	6,670164778123573	1e-06	4,906653961240726	4,479688189681918	5,264872828386951	2023-05-31 10:12:57.567350		predict_smoothing_seas
зубная паста	"ООО ""СЕМЕЙНЫЙ ДОКТОР"""	2021	12	22,0	11,857028674184752	9,28994417016367	3,3426812832837873	17,125	11,79792019705254	10,115381200494042	2,290597488819757	2023-05-31 10:12:57.567350		predict_smoothing_seas
зубная паста	"ООО ""СЕМЕЙНЫЙ ДОКТОР"""	2022	1	0,0	3,7364738031828155	1,926585267782113	8,131821010145917	0,0	3,7178471068292396	2,1261350287781586	8,499901886680922	2023-05-31 10:12:57.567350		predict_smoothing_seas
зубная паста	"ООО ""СЕМЕЙНЫЙ ДОКТОР"""	2022	2	0,0	6,166770618539704	3,101079279828804	4,347942937297205	0,0	6,136028649013289	3,5093512533392577	4,095095793249262	2023-05-31 10:12:57.567350		predict_smoothing_seas
зубная паста	"ООО ""СЕМЕЙНЫЙ ДОКТОР"""	2022	3	0,0	9,751787113733	4,783242773045235	8,601505316434036	0,0	9,703173477711388	5,5499027290797045	7,431809762585937	2023-05-31 10:12:57.567350		predict_smoothing_seas
зубная паста	"ООО ""СЕМЕЙНЫЙ ДОКТОР"""	2022	4	0,0	5,0368473526682065	2,4100953412592556	11,053095949367128	0,0	5,011738163855603	2,8667224061969896	11,679321709969155	2023-05-31 10:12:57.567350		predict_smoothing_seas
зубная паста	"ООО ""СЕМЕЙНЫЙ ДОКТОР"""	2022	5	0,0	1,9756411955137565	0,9223049574530819	3,5637209676377335	0,0	1,965792426168417	1,1244896916285136	4,368140891345293	2023-05-31 10:12:57.567350		predict_smoothing_seas
зубная паста	"ООО ""СЕМЕЙНЫЙ ДОКТОР"""	2022	6	0,0	6,400044019317568	2,915372220291269	8,354707536564476	0,0	6,368139158511157	3,6428963038549766	9,953005362990503	2023-05-31 10:12:57.567350		predict_smoothing_seas
зубная паста	"ООО ""СЕМЕЙНЫЙ ДОКТОР"""	2022	7	0,0	10,437200273069935	4,639732311207849	8,471814026548032	0,0	10,385169783761452	5,9410200668014355	6,971961779494149	2023-05-31 10:12:57.567350		predict_smoothing_seas
зубная паста	"ООО ""СЕМЕЙНЫЙ ДОКТОР"""	2022	8	0,0	5,161884834139739	2,23958776844386	8,878635879316551	0,0	5,136152320951569	2,9382979803388825	8,255184264579931	2023-05-31 10:12:57.567350		predict_smoothing_seas
зубная паста	"ООО ""СЕМЕЙНЫЙ ДОКТОР"""	2022	9	0,0	2,8970871699938243	1,226944598053018	8,799050681960097	0,0	2,882644900124476	1,6491399303628196	9,666039528554242	2023-05-31 10:12:57.567350		predict_smoothing_seas
зубная паста	"ООО ""СЕМЕЙНЫЙ ДОКТОР"""	2022	10	0,0	7,467144168025097	3,0872658024272255	9,605499102262321	0,0	7,429919706039654	4,25066829615884	8,160265404528332	2023-05-31 10:12:57.567350		predict_smoothing_seas
зубная паста	"ООО ""СЕМЕЙНЫЙ ДОКТОР"""	2022	11	0,0	4,310364030428646	1,7399699635771182	9,468004714780514	0,0	4,288876433780764	2,453703132800968	8,952949396286144	2023-05-31 10:12:57.567350		predict_smoothing_seas
зубная паста	"ООО ""СЕМЕЙНЫЙ ДОКТОР"""	2022	12	0,0	10,671325979785415	4,206360222239663	4,5777278571647475	0,0	10,618128350366423	6,074782938168035	5,851837201313538	2023-05-31 10:12:57.567350		predict_smoothing_seas
зубная паста	"ООО ""СЕМЕЙНЫЙ ДОКТОР"""	2023	1	0,0	3,7364738031828155	1,4383414279173288	5,071560245329919	0,0	3,7178471068292396	2,127050338211277	5,3622497328319785	2023-05-31 10:12:57.567350		predict_smoothing_seas
зубная паста	"ООО ""СЕМЕЙНЫЙ ДОКТОР"""	2023	2	0,0	6,166770618539704	2,318575566419775	6,0183222576145	0,0	6,136028649013289	3,510559832851906	5,631765516582453	2023-05-31 10:12:57.567350		predict_smoothing_seas
зубная паста	"ООО ""СЕМЕЙНЫЙ ДОКТОР"""	2023	3	0,0	9,751787113733	3,5814778349006655	3,4140498698555994	0,0	9,703173477711388	5,5514317336813574	1,2554330175576043	2023-05-31 10:12:57.567350		predict_smoothing_seas
зубная паста	"ООО ""СЕМЕЙНЫЙ ДОКТОР"""	2023	4	0,0	5,0368473526682065	1,8071839785812853	7,238090847284177	0,0	5,011738163855603	2,867354217054868	7,187743851197281	2023-05-31 10:12:57.567350		predict_smoothing_seas
зубная паста	"ООО ""СЕМЕЙНЫЙ ДОКТОР"""	2023	5	0,0	1,9756411955137565	0,6925766522845076	6,0512291543372605	0,0	1,965792426168417	1,1246879526497577	4,557082781380618	2023-05-31 10:12:57.567350		predict_smoothing_seas
зубная паста	"ООО ""СЕМЕЙНЫЙ ДОКТОР"""	2023	6	0,0	6,400044019317568	2,1923472726766633	5,7749885046044716	0,0	6,368139158511157	3,6434101238490446	5,340742338764741	2023-05-31 10:12:57.567350		predict_smoothing_seas
зубная паста детская	"ООО ""СЕМЕЙНЫЙ ДОКТОР"""	2019	1	10,0	0,0	0,0	0,0	10,0	0,0	0,0	0,0	2023-05-31 10:12:57.567350		predict_smoothing_corr_seas
зубная паста детская	"ООО ""СЕМЕЙНЫЙ ДОКТОР"""	2019	2	24,0	25,9249050407475	27,275822587594313	9,999569361513553	23,5	25,661440560768074	26,90579037665763	9,999597526626562	2023-05-31 10:12:57.567350		predict_smoothing_corr_seas
зубная паста детская	"ООО ""СЕМЕЙНЫЙ ДОКТОР"""	2019	3	13,0	14,613401161317888	12,552666624706914	15,647039871120015	13,0	14,484535190786803	12,496924378615498	15,5780719633646	2023-05-31 10:12:57.567350		predict_smoothing_corr_seas
зубная паста детская	"ООО ""СЕМЕЙНЫЙ ДОКТОР"""	2019	4	16,0	19,50739890339948	19,685510588465217	16,564094946148593	16,0	19,268790411073407	19,45187815634726	16,258774506303656	2023-05-31 10:12:57.567350		predict_smoothing_corr_seas
зубная паста детская	"ООО ""СЕМЕЙНЫЙ ДОКТОР"""	2019	5	1e-06	9,827867311275973	9,497070498472421	16,409005168807045	1e-06	9,727048658984673	9,430609068262326	16,056736953973	2023-05-31 10:12:57.567350		predict_smoothing_corr_seas
зубная паста детская	"ООО ""СЕМЕЙНЫЙ ДОКТОР"""	2019	6	11,0	23,055479219104296	22,328743399954586	15,547343875826119	11,0	22,865993852746005	22,289712440067614	15,309273004072185	2023-05-31 10:12:57.567350		predict_smoothing_corr_seas
зубная паста детская	"ООО ""СЕМЕЙНЫЙ ДОКТОР"""	2019	7	23,0	13,586590624466831	8,89802496980423	13,969894347485585	23,0	13,474926926758412	8,904677447333981	15,04108224993306	2023-05-31 10:12:57.567350		predict_smoothing_corr_seas
зубная паста детская	"ООО ""СЕМЕЙНЫЙ ДОКТОР"""	2019	8	1,0	10,656278858817297	6,800232575003518	7,448098864387164	1,0	10,584112825756753	6,8157710623543775	8,383272224984427	2023-05-31 10:12:57.567350		predict_smoothing_corr_seas
зубная паста детская	"ООО ""СЕМЕЙНЫЙ ДОКТОР"""	2019	9	10,0	12,879733854028826	13,648423778085984	12,41337461977825	10,0	12,819991941788752	13,669213672261687	11,472981894793552	2023-05-31 10:12:57.567350		predict_smoothing_corr_seas
зубная паста детская	"ООО ""СЕМЕЙНЫЙ ДОКТОР"""	2019	10	8,0	14,053891759684308	12,38469572067055	10,457840005960163	8,0	13,989801038616408	12,40766762892162	7,55019108988296	2023-05-31 10:12:57.567350		predict_smoothing_corr_seas
зубная паста детская	"ООО ""СЕМЕЙНЫЙ ДОКТОР"""	2019	11	6,0	4,326903202781965	3,6631949872917833	13,2377803189937	6,0	4,3106015183627715	3,6676891824744215	12,966367308854391	2023-05-31 10:12:57.567350		predict_smoothing_corr_seas
зубная паста детская	"ООО ""СЕМЕЙНЫЙ ДОКТОР"""	2019	12	13,0	11,00706825719916	8,613269475850638	10,312803020026365	13,0	10,971740762673846	8,618501437735395	11,987854486808418	2023-05-31 10:12:57.567350		predict_smoothing_corr_seas
зубная паста детская	"ООО ""СЕМЕЙНЫЙ ДОКТОР"""	2020	1	3,0	8,73794597159289	5,9893069045883855	0,0	3,0	8,713320505025857	5,990054766707025	2,518255418542264	2023-05-31 10:12:57.567350		predict_smoothing_corr_seas
зубная паста детская	"ООО ""СЕМЕЙНЫЙ ДОКТОР"""	2020	2	17,0	16,557155522655577	14,634708916288862	11,267133106316452	17,0	16,52207681157533	14,631112004876032	9,961875365462532	2023-05-31 10:12:57.567350		predict_smoothing_corr_seas
зубная паста детская	"ООО ""СЕМЕЙНЫЙ ДОКТОР"""	2020	3	12,0	8,678346858932274	6,426515788854053	12,033806321779497	12,0	8,661189129933327	6,423649299574317	8,773366079111854	2023-05-31 10:12:57.567350		predict_smoothing_corr_seas
зубная паста детская	"ООО ""СЕМЕЙНЫЙ ДОКТОР"""	2020	4	15,0	12,219091784902245	13,717551185517088	13,787885041229396	15,0	12,202694734164833	13,714484070148831	9,049397682899574	2023-05-31 10:12:57.567350		predict_smoothing_corr_seas
зубная паста детская	"ООО ""СЕМЕЙНЫЙ ДОКТОР"""	2020	5	11,0	6,626399000248854	8,527135584721279	19,459031177315048	11,0	6,619470795218167	8,526146442351873	12,319442087020537	2023-05-31 10:12:57.567350		predict_smoothing_corr_seas
зубная паста детская	"ООО ""СЕМЕЙНЫЙ ДОКТОР"""	2020	6	13,0	16,751903810127963	23,628459405499896	11,558701377266374	13,0	16,738882474902695	23,627961663335785	10,962032953765725	2023-05-31 10:12:57.567350		predict_smoothing_corr_seas
зубная паста детская	"ООО ""СЕМЕЙНЫЙ ДОКТОР"""	2020	7	2,0	12,193531239325518	16,29595397514158	10,840786793826023	2,0	12,18585776844859	16,296502760987238	15,522525945116149	2023-05-31 10:12:57.567350		predict_smoothing_corr_seas
зубная паста детская	"ООО ""СЕМЕЙНЫЙ ДОКТОР"""	2020	8	10,0	10,096978539138618	12,49777454404885	13,716101409732397	10,0	10,092019327108586	12,49850440172872	12,094545785836585	2023-05-31 10:12:57.567350		predict_smoothing_corr_seas
зубная паста детская	"ООО ""СЕМЕЙНЫЙ ДОКТОР"""	2020	9	14,0	8,711553648707778	7,72773409464063	8,679009726637512	14,0	8,707448215759433	7,728351147617914	9,833022257352908	2023-05-31 10:12:57.567350		predict_smoothing_corr_seas
зубная паста детская	"ООО ""СЕМЕЙНЫЙ ДОКТОР"""	2020	10	10,0	11,711696386078838	9,372318176841778	8,364528886396844	10,0	11,707292105263418	9,372827959727376	8,601164912644522	2023-05-31 10:12:57.567350		predict_smoothing_corr_seas
зубная паста детская	"ООО ""СЕМЕЙНЫЙ ДОКТОР"""	2020	11	6,0	4,03205810910876	3,803567791644869	7,88559327032698	6,0	4,030937865885558	3,803622461763903	9,709116538461753	2023-05-31 10:12:57.567350		predict_smoothing_corr_seas
зубная паста детская	"ООО ""СЕМЕЙНЫЙ ДОКТОР"""	2020	12	8,0	10,77565889113834	10,551623092863698	9,218176250464605	8,0	10,773231204200165	10,551557183606176	7,688141706412154	2023-05-31 10:12:57.567350		predict_smoothing_corr_seas
зубная паста детская	"ООО ""СЕМЕЙНЫЙ ДОКТОР"""	2021	1	8,0	8,57663921367531	7,455301633010304	12,381865449282362	8,0	8,574946964498443	7,455173434553608	11,267589376041277	2023-05-31 10:12:57.567350		predict_smoothing_corr_seas
зубная паста детская	"ООО ""СЕМЕЙНЫЙ ДОКТОР"""	2021	2	5,0	14,746588908824343	12,200736177617673	6,378107122961925	5,0	14,744178318154335	12,2005119266271	10,291252737019946	2023-05-31 10:12:57.567350		predict_smoothing_corr_seas
зубная паста детская	"ООО ""СЕМЕЙНЫЙ ДОКТОР"""	2021	3	3,0	8,75925575582323	7,186317400689264	1,0197786411998266	3,0	8,758076685664443	7,186219753808403	6,5823592980575825	2023-05-31 10:12:57.567350		predict_smoothing_corr_seas
зубная паста детская	"ООО ""СЕМЕЙНЫЙ ДОКТОР"""	2021	4	3,0	9,525476301133919	6,916412401826758	4,584982688494119	3,0	9,52434950438723	6,9163496509059526	5,862224439063055	2023-05-31 10:12:57.567350		predict_smoothing_corr_seas
зубная паста детская	"ООО ""СЕМЕЙНЫЙ ДОКТОР"""	2021	5	4,0	4,39064993100528	2,5278285810863523	9,383134664886542	4,0	4,390173828380852	2,527815545790233	6,489242831825257	2023-05-31 10:12:57.567350		predict_smoothing_corr_seas
зубная паста детская	"ООО ""СЕМЕЙНЫЙ ДОКТОР"""	2021	6	11,0	9,111643872442928	4,341348177813492	10,026186192024053	11,0	9,110749053099843	4,3413428971599135	4,616241819308572	2023-05-31 10:12:57.567350		predict_smoothing_corr_seas
зубная паста детская	"ООО ""СЕМЕЙНЫЙ ДОКТОР"""	2021	7	5,0	6,213721940100064	3,1237372114277266	7,410143100451252	5,0	6,213194623196652	3,123742575260444	3,1448624879910856	2023-05-31 10:12:57.567350		predict_smoothing_corr_seas
зубная паста детская	"ООО ""СЕМЕЙНЫЙ ДОКТОР"""	2021	8	8,0	5,891340063610717	6,485605268953044	5,695258544833572	8,0	5,890999269154991	6,485617365161064	5,017781325902733	2023-05-31 10:12:57.567350		predict_smoothing_corr_seas
зубная паста детская	"ООО ""СЕМЕЙНЫЙ ДОКТОР"""	2021	9	2,0	5,759268738293298	7,359155096931581	2,548318963588594	2,0	5,758986615089314	7,359170751466401	6,230624860855272	2023-05-31 10:12:57.567350		predict_smoothing_corr_seas
зубная паста детская	"ООО ""СЕМЕЙНЫЙ ДОКТОР"""	2021	10	10,0	8,07130495744816	11,343035630489862	6,166919450497975	10,0	8,071002297575127	11,343053788770446	7,280955845133881	2023-05-31 10:12:57.567350		predict_smoothing_corr_seas
зубная паста детская	"ООО ""СЕМЕЙНЫЙ ДОКТОР"""	2021	11	1e-06	2,2034127795764613	2,5616397453474833	6,169312705854183	1e-06	2,2033357970483465	2,5616434642711226	7,452464627586896	2023-05-31 10:12:57.567350		predict_smoothing_corr_seas
зубная паста детская	"ООО ""СЕМЕЙНЫЙ ДОКТОР"""	2021	12	6,0	6,812788784799546	8,22418526072518	8,006008117609044	6,0	6,812621955423476	8,224189113379524	5,037393420265974	2023-05-31 10:12:57.567350		predict_smoothing_corr_seas
зубная паста детская	"ООО ""СЕМЕЙНЫЙ ДОКТОР"""	2022	1	0,0	4,748938779134992	4,021440302301522	7,737003595246676	0,0	4,748822488657051	4,021440814819708	5,049747591086192	2023-05-31 10:12:57.567350		predict_smoothing_corr_seas
зубная паста детская	"ООО ""СЕМЕЙНЫЙ ДОКТОР"""	2022	2	0,0	8,456014981360218	6,000168572504794	8,905907772983987	0,0	8,455807913198386	6,000167664942466	3,8077173241814064	2023-05-31 10:12:57.567350		predict_smoothing_corr_seas
зубная паста детская	"ООО ""СЕМЕЙНЫЙ ДОКТОР"""	2022	3	0,0	5,170016549685664	3,184635734008924	8,75117092661962	0,0	5,169889947991373	3,1846345387173103	5,773972167951941	2023-05-31 10:12:57.567350		predict_smoothing_corr_seas
зубная паста детская	"ООО ""СЕМЕЙНЫЙ ДОКТОР"""	2022	4	0,0	6,176008468520405	3,397283668456481	5,755957857373535	0,0	6,175857232421149	3,3972817813319507	2,3344822245026853	2023-05-31 10:12:57.567350		predict_smoothing_corr_seas
зубная паста детская	"ООО ""СЕМЕЙНЫЙ ДОКТОР"""	2022	5	0,0	3,261916855231742	1,6390103413716084	6,258492698498002	0,0	3,261836978466061	1,6390091935526734	5,297960395906785	2023-05-31 10:12:57.567350		predict_smoothing_corr_seas
зубная паста детская	"ООО ""СЕМЕЙНЫЙ ДОКТОР"""	2022	6	0,0	7,663332829499634	3,5815778669062626	3,8871267649339676	0,0	7,663145172282137	3,5815749416623692	4,735685912942248	2023-05-31 10:12:57.567350		predict_smoothing_corr_seas
зубная паста детская	"ООО ""СЕМЕЙНЫЙ ДОКТОР"""	2022	7	0,0	5,645001095323507	2,489769040099494	3,723355729492866	0,0	5,6448628623611805	2,4897667735357434	3,867192245430928	2023-05-31 10:12:57.567350		predict_smoothing_corr_seas
зубная паста детская	"ООО ""СЕМЕЙНЫЙ ДОКТОР"""	2022	8	0,0	4,560315304259484	1,9202623222783968	6,856078453793343	0,0	4,560203632732233	1,9202604296705945	4,686205892320969	2023-05-31 10:12:57.567350		predict_smoothing_corr_seas
зубная паста детская	"ООО ""СЕМЕЙНЫЙ ДОКТОР"""	2022	9	0,0	4,719012968080927	1,9147557678096059	6,9243527518835775	0,0	4,7188974104165755	1,9147537648060429	3,7768835710074873	2023-05-31 10:12:57.567350		predict_smoothing_corr_seas
зубная паста детская	"ООО ""СЕМЕЙНЫЙ ДОКТОР"""	2022	10	0,0	6,328156659885923	2,492623347436018	7,578973730205744	0,0	6,32800169803093	2,4926206187279254	4,960167743114113	2023-05-31 10:12:57.567350		predict_smoothing_corr_seas
зубная паста детская	"ООО ""СЕМЕЙНЫЙ ДОКТОР"""	2022	11	0,0	2,0119841668537366	0,7739230330198114	7,543140562434552	0,0	2,011934898035743	0,7739221555458036	4,309402452887056	2023-05-31 10:12:57.567350		predict_smoothing_corr_seas
зубная паста детская	"ООО ""СЕМЕЙНЫЙ ДОКТОР"""	2022	12	0,0	5,450231231615387	2,057042017493466	5,149991437517681	0,0	5,450097768114532	2,0570396205894244	4,056844903245201	2023-05-31 10:12:57.567350		predict_smoothing_corr_seas
зубная паста детская	"ООО ""СЕМЕЙНЫЙ ДОКТОР"""	2023	1	0,0	4,748938779134992	1,7653418736936775	4,736448855184116	0,0	4,748822488657051	1,765339772101425	4,568071469769995	2023-05-31 10:12:57.567350		predict_smoothing_corr_seas
зубная паста детская	"ООО ""СЕМЕЙНЫЙ ДОКТОР"""	2023	2	0,0	8,456014981360218	3,1054261749371688	3,1539002638454345	0,0	8,455807913198386	3,1054224149730207	4,2441988368963735	2023-05-31 10:12:57.567350		predict_smoothing_corr_seas
зубная паста детская	"ООО ""СЕМЕЙНЫЙ ДОКТОР"""	2023	3	0,0	5,170016549685664	1,8802949073563957	5,075065533211502	0,0	5,169889947991373	1,8802926000688949	4,56438472271906	2023-05-31 10:12:57.567350		predict_smoothing_corr_seas
зубная паста детская	"ООО ""СЕМЕЙНЫЙ ДОКТОР"""	2023	4	0,0	6,176008468520405	2,2287675505764217	7,003642923438065	0,0	6,175857232421149	2,2287647864547595	4,231090394041971	2023-05-31 10:12:57.567350		predict_smoothing_corr_seas
зубная паста детская	"ООО ""СЕМЕЙНЫЙ ДОКТОР"""	2023	5	0,0	3,261916855231742	1,169844305952149	7,420763912002075	0,0	3,261836978466061	1,1698428427789735	4,285222355413097	2023-05-31 10:12:57.567350		predict_smoothing_corr_seas
зубная паста детская	"ООО ""СЕМЕЙНЫЙ ДОКТОР"""	2023	6	0,0	7,663332829499634	2,7347113617933076	8,5708922890061	0,0	7,663145172282137	2,73470791820948	4,5064563341306485	2023-05-31 10:12:57.567350		predict_smoothing_corr_seas
Зубная щетка	"ООО ""СЕМЕЙНЫЙ ДОКТОР"""	2019	1	6,0	0,0	0,0	0,0	6,0	0,0	0,0	0,0	2023-05-31 10:12:57.567350		predict_arima_corr
Зубная щетка	"ООО ""СЕМЕЙНЫЙ ДОКТОР"""	2019	2	3,0	1,45719500483836	2,8279172160923554	5,999849763431622	3,0	1,45719500483836	2,828227586518455	5,999850326213616	2023-05-31 10:12:57.567350		predict_arima_corr
Зубная щетка	"ООО ""СЕМЕЙНЫЙ ДОКТОР"""	2019	3	1,0	2,188152580196454	5,157361377060104	5,063900769136794	1,0	2,188152580196454	5,157318992047342	5,066926919490008	2023-05-31 10:12:57.567350		predict_arima_corr
Зубная щетка	"ООО ""СЕМЕЙНЫЙ ДОКТОР"""	2019	4	2,0	1,9205179889881998	3,8344350218526753	4,160303792109566	2,0	1,9205179889881998	3,834248076777045	4,152839008731198	2023-05-31 10:12:57.567350		predict_arima_corr
Зубная щетка	"ООО ""СЕМЕЙНЫЙ ДОКТОР"""	2019	5	1e-06	0,6157706855165225	0,8012942457101572	1,8713289565549243	1e-06	0,6157706855165225	0,8012350581962578	1,8536096951333259	2023-05-31 10:12:57.567350		predict_arima_corr
Зубная щетка	"ООО ""СЕМЕЙНЫЙ ДОКТОР"""	2019	6	4,0	2,2613392703497555	2,211684512744993	1,8272318942420473	4,0	2,2613392703497555	2,211547727876854	1,8129248142298724	2023-05-31 10:12:57.567350		predict_arima_corr
Зубная щетка	"ООО ""СЕМЕЙНЫЙ ДОКТОР"""	2019	7	7,0	1,8592012605250603	0,8565088600292423	1,091564354353665	7,0	1,8592012605250603	0,8564476548870502	1,0928667598401174	2023-05-31 10:12:57.567350		predict_arima_corr
Зубная щетка	"ООО ""СЕМЕЙНЫЙ ДОКТОР"""	2019	8	6,0	2,4333881805026536	3,12129131868163	2,2024913563432076	6,0	2,4333881805026536	3,121331258514889	2,2234306097152086	2023-05-31 10:12:57.567350		predict_arima_corr
Зубная щетка	"ООО ""СЕМЕЙНЫЙ ДОКТОР"""	2019	9	9,0	2,014655909110118	5,166395351390456	6,566747374983468	9,0	2,014655909110118	5,16651589777429	6,611093160683142	2023-05-31 10:12:57.567350		predict_arima_corr
Зубная щетка	"ООО ""СЕМЕЙНЫЙ ДОКТОР"""	2019	10	6,0	5,356366265662777	15,670470833878431	7,294713973068628	6,0	5,356366265662777	15,670869931551836	7,323806744690678	2023-05-31 10:12:57.567350		predict_arima_corr
Зубная щетка	"ООО ""СЕМЕЙНЫЙ ДОКТОР"""	2019	11	8,0	2,917250838079821	8,641033836398995	9,286461158391031	8,0	2,917250838079821	8,641195145119035	9,305323232964131	2023-05-31 10:12:57.567350		predict_arima_corr
Зубная щетка	"ООО ""СЕМЕЙНЫЙ ДОКТОР"""	2019	12	9,0	8,04356029208822	19,465515616649444	7,835239370997676	9,0	8,04356029208822	19,465789474545872	7,849422531563507	2023-05-31 10:12:57.567350		predict_arima_corr
Зубная щетка	"ООО ""СЕМЕЙНЫЙ ДОКТОР"""	2020	1	4,0	4,271028093994921	8,397114253094117	4,769728268078333	4,0	4,271028093994921	8,397171825395837	4,778259646848415	2023-05-31 10:12:57.567350		predict_arima_corr
Зубная щетка	"ООО ""СЕМЕЙНЫЙ ДОКТОР"""	2020	2	12,0	5,307769802564216	8,94093850594653	5,519979858611221	12,0	5,307769802564216	8,940945352708397	5,512866860398021	2023-05-31 10:12:57.567350		predict_arima_corr
Зубная щетка	"ООО ""СЕМЕЙНЫЙ ДОКТОР"""	2020	3	1e-06	5,310492831096385	6,215875224814961	0,8491232208582531	1e-06	5,310492831096385	6,21586105777677	0,8369132199140665	2023-05-31 10:12:57.567350		predict_arima_corr
Зубная щетка	"ООО ""СЕМЕЙНЫЙ ДОКТОР"""	2020	4	6,0	5,246238717109223	7,55511145572808	4,9514813256539405	6,0	5,246238717109223	7,555092399505316	4,9645437603698905	2023-05-31 10:12:57.567350		predict_arima_corr
Зубная щетка	"ООО ""СЕМЕЙНЫЙ ДОКТОР"""	2020	5	2,0	1,5633192337225423	1,2880094925617431	3,3266831555459135	2,0	1,5633192337225423	1,2880046756584935	3,33567998047139	2023-05-31 10:12:57.567350		predict_arima_corr
Зубная щетка	"ООО ""СЕМЕЙНЫЙ ДОКТОР"""	2020	6	6,0	5,88967340288874	4,956108005128111	2,412397203837944	6,0	5,88967340288874	4,956098528726101	2,437678400969527	2023-05-31 10:12:57.567350		predict_arima_corr
Зубная щетка	"ООО ""СЕМЕЙНЫЙ ДОКТОР"""	2020	7	7,0	5,153919791156235	2,9966312832521256	2,565115828737456	7,0	5,153919791156235	2,996627633261874	2,576070125677935	2023-05-31 10:12:57.567350		predict_arima_corr
Зубная щетка	"ООО ""СЕМЕЙНЫЙ ДОКТОР"""	2020	8	6,0	5,870112197871415	4,9371915996098705	2,1368449619331438	6,0	5,870112197871415	4,937192279457344	2,150300710458268	2023-05-31 10:12:57.567350		predict_arima_corr
Зубная щетка	"ООО ""СЕМЕЙНЫЙ ДОКТОР"""	2020	9	1,0	3,8128854460912693	4,469599354944262	4,091134817817675	1,0	3,8128854460912693	4,469601776903774	4,079091201407226	2023-05-31 10:12:57.567350		predict_arima_corr
Зубная щетка	"ООО ""СЕМЕЙНЫЙ ДОКТОР"""	2020	10	12,0	8,84331001844687	11,233682927401835	8,976460224837332	12,0	8,84331001844687	11,233689622131756	8,983105659807693	2023-05-31 10:12:57.567350		predict_arima_corr
Зубная щетка	"ООО ""СЕМЕЙНЫЙ ДОКТОР"""	2020	11	3,0	3,3642789614307578	2,8257849466585307	3,5403737172464655	3,0	3,3642789614307578	2,82578700913196	3,5103257190949524	2023-05-31 10:12:57.567350		predict_arima_corr
Зубная щетка	"ООО ""СЕМЕЙНЫЙ ДОКТОР"""	2020	12	10,0	10,653639312499964	16,78862787134458	9,28505711411749	10,0	10,653639312499964	16,788629233526475	9,282143146096162	2023-05-31 10:12:57.567350		predict_arima_corr
Зубная щетка	"ООО ""СЕМЕЙНЫЙ ДОКТОР"""	2021	1	4,0	4,6802481172356085	5,997796513267675	4,567591269795944	4,0	4,6802481172356085	5,9977960833974135	4,5238830788608055	2023-05-31 10:12:57.567350		predict_arima_corr
Зубная щетка	"ООО ""СЕМЕЙНЫЙ ДОКТОР"""	2021	2	1,0	5,835950100614121	8,756553348020924	6,212252164752985	1,0	5,835950100614121	8,756552236392183	6,17629423087397	2023-05-31 10:12:57.567350		predict_arima_corr
Зубная щетка	"ООО ""СЕМЕЙНЫЙ ДОКТОР"""	2021	3	16,0	5,7796490083510665	6,770921244379936	8,46301893463845	15,875	5,7796490083510665	6,770920188192612	8,404555512885494	2023-05-31 10:12:57.567350		predict_arima_corr
Зубная щетка	"ООО ""СЕМЕЙНЫЙ ДОКТОР"""	2021	4	6,0	4,214020138589591	2,879924966298837	1,1290028581309102	6,0	4,214020138589591	2,8799244438127376	1,135630890746155	2023-05-31 10:12:57.567350		predict_arima_corr
Зубная щетка	"ООО ""СЕМЕЙНЫЙ ДОКТОР"""	2021	5	3,0	1,9513821699564546	3,505171650555985	4,7841231355187075	3,0	1,9459473861970156	3,4705593793099383	4,741997418956075	2023-05-31 10:12:57.567350		predict_arima_corr
Зубная щетка	"ООО ""СЕМЕЙНЫЙ ДОКТОР"""	2021	6	8,0	7,111753290613733	12,184479481655167	7,468853370243382	8,0	7,094638180392174	12,070820061259099	7,446662569254197	2023-05-31 10:12:57.567350		predict_arima_corr
Зубная щетка	"ООО ""СЕМЕЙНЫЙ ДОКТОР"""	2021	7	3,0	6,314483919314266	7,869184824242705	2,434868028615597	3,0	6,300412420955535	7,800246148297937	2,3869925145333006	2023-05-31 10:12:57.567350		predict_arima_corr
Зубная щетка	"ООО ""СЕМЕЙНЫЙ ДОКТОР"""	2021	8	7,0	7,303601348242077	8,60556433795984	8,023409040472552	7,0	7,290393064853373	8,573194343651782	7,992738003523565	2023-05-31 10:12:57.567350		predict_arima_corr
Зубная щетка	"ООО ""СЕМЕЙНЫЙ ДОКТОР"""	2021	9	1,0	4,139279929595183	3,387240278267533	4,535315464190775	1,0	4,132368834842637	3,3823014354972103	4,529745838984269	2023-05-31 10:12:57.567350		predict_arima_corr
Зубная щетка	"ООО ""СЕМЕЙНЫЙ ДОКТОР"""	2021	10	9,0	9,717846076521214	8,775875675976508	4,723737512961911	9,0	9,704444784763576	8,783738129225878	4,728651109107148	2023-05-31 10:12:57.567350		predict_arima_corr
Зубная щетка	"ООО ""СЕМЕЙНЫЙ ДОКТОР"""	2021	11	1e-06	3,686619048215638	2,014358291504863	2,880928748404714	1e-06	3,681679545140489	2,01850832020401	2,841214655199501	2023-05-31 10:12:57.567350		predict_arima_corr
Зубная щетка	"ООО ""СЕМЕЙНЫЙ ДОКТОР"""	2021	12	11,0	10,549256032617732	11,538572573530223	6,467175130396235	11,0	10,538391142869054	11,547511746814523	6,444428883198589	2023-05-31 10:12:57.567350		predict_arima_corr
Зубная щетка	"ООО ""СЕМЕЙНЫЙ ДОКТОР"""	2022	1	0,0	4,252426310585487	2,9162440673030674	7,7762489111021456	0,0	4,2480466518219675	2,918749640227683	7,695169745786101	2023-05-31 10:12:57.567350		predict_arima_corr
Зубная щетка	"ООО ""СЕМЕЙНЫЙ ДОКТОР"""	2022	2	0,0	4,714441588272866	2,940572011424537	4,876187957603601	0,0	4,709586090750009	2,9432975776845387	4,894994307211916	2023-05-31 10:12:57.567350		predict_arima_corr
Зубная щетка	"ООО ""СЕМЕЙНЫЙ ДОКТОР"""	2022	3	0,0	4,926591748646127	2,8483917933367273	6,660172142551087	0,0	4,921517753437196	2,8511862088742386	6,641629434240921	2023-05-31 10:12:57.567350		predict_arima_corr
Зубная щетка	"ООО ""СЕМЕЙНЫЙ ДОКТОР"""	2022	4	0,0	4,10156418217455	2,231741734973199	8,263013489265976	0,0	4,097339899329276	2,234027900349597	8,202757218596044	2023-05-31 10:12:57.567350		predict_arima_corr
Зубная щетка	"ООО ""СЕМЕЙНЫЙ ДОКТОР"""	2022	5	0,0	1,4379050102854263	0,7453111839604395	5,597976200952642	0,0	1,436424083205343	0,7461005104210685	5,565016351160502	2023-05-31 10:12:57.567350		predict_arima_corr
Зубная щетка	"ООО ""СЕМЕЙНЫЙ ДОКТОР"""	2022	6	0,0	5,327318994371184	2,6561130663145733	8,388543274707006	0,0	5,321832282170743	2,6589997118099364	8,39542340936745	2023-05-31 10:12:57.567350		predict_arima_corr
Зубная щетка	"ООО ""СЕМЕЙНЫЙ ДОКТОР"""	2022	7	0,0	5,152884653681595	2,490534763521018	5,064937996754147	0,0	5,147577594891482	2,4932967248142925	5,034664037239823	2023-05-31 10:12:57.567350		predict_arima_corr
Зубная щетка	"ООО ""СЕМЕЙНЫЙ ДОКТОР"""	2022	8	0,0	5,6903309955744446	2,682768395975089	6,472438330834496	0,0	5,684470410065871	2,6857911667589303	6,4886247309886524	2023-05-31 10:12:57.567350		predict_arima_corr
Зубная щетка	"ООО ""СЕМЕЙНЫЙ ДОКТОР"""	2022	9	0,0	3,5028300959003165	1,6189278603806538	4,653832863804762	0,0	3,4992224612451452	1,620774956375159	4,6400022514937955	2023-05-31 10:12:57.567350		predict_arima_corr
Зубная щетка	"ООО ""СЕМЕЙНЫЙ ДОКТОР"""	2022	10	0,0	7,990978491556776	3,63495136097573	5,036143194819712	0,0	7,9827484232561154	3,6391399142253724	5,038626441152534	2023-05-31 10:12:57.567350		predict_arima_corr
Зубная щетка	"ООО ""СЕМЕЙНЫЙ ДОКТОР"""	2022	11	0,0	3,4651148513785186	1,5562825586888192	5,263714140708694	0,0	3,4615460604067234	1,5580900085278937	5,248481434057285	2023-05-31 10:12:57.567350		predict_arima_corr
Зубная щетка	"ООО ""СЕМЕЙНЫЙ ДОКТОР"""	2022	12	0,0	8,966867898858354	3,9864775941318964	3,9233407527782815	0,0	8,957632742571978	3,991136434940613	3,9518036676192	2023-05-31 10:12:57.567350		predict_arima_corr
Зубная щетка	"ООО ""СЕМЕЙНЫЙ ДОКТОР"""	2023	1	0,0	4,252426310585487	1,8751997818161366	5,150174609988403	0,0	4,2480466518219675	1,8774021634492808	5,126067982717997	2023-05-31 10:12:57.567350		predict_arima_corr
Зубная щетка	"ООО ""СЕМЕЙНЫЙ ДОКТОР"""	2023	2	0,0	4,714441588272866	2,065431326278332	5,722795679521019	0,0	4,709586090750009	2,067866743180189	5,69642097842843	2023-05-31 10:12:57.567350		predict_arima_corr
Зубная щетка	"ООО ""СЕМЕЙНЫЙ ДОКТОР"""	2023	3	0,0	4,926591748646127	2,147152436326475	5,186715044014196	0,0	4,921517753437196	2,149692207469837	5,1709092398658205	2023-05-31 10:12:57.567350		predict_arima_corr
Зубная щетка	"ООО ""СЕМЕЙНЫЙ ДОКТОР"""	2023	4	0,0	4,10156418217455	1,7801412212108754	6,894912319075993	0,0	4,097339899329276	1,7822521733538508	6,875283900416555	2023-05-31 10:12:57.567350		predict_arima_corr
Зубная щетка	"ООО ""СЕМЕЙНЫЙ ДОКТОР"""	2023	5	0,0	1,4379050102854263	0,6219937999163103	6,070938014302955	0,0	1,436424083205343	0,6227328634846414	6,031901085457854	2023-05-31 10:12:57.567350		predict_arima_corr
Зубная щетка	"ООО ""СЕМЕЙНЫЙ ДОКТОР"""	2023	6	0,0	5,327318994371184	2,2982924597047023	6,840327809185582	0,0	5,321832282170743	2,301027710929421	6,822797323983747	2023-05-31 10:12:57.567350		predict_arima_corr
Флосс	"ООО ""СЕМЕЙНЫЙ ДОКТОР"""	2019	1	1,0	0,0	0,0	0,0	1,0	0,0	0,0	0,0	2023-05-31 10:12:57.567350		predict_arima_corr
Флосс	"ООО ""СЕМЕЙНЫЙ ДОКТОР"""	2019	2	1e-06	0,2196085034386739	0,41365230243077666	0,9999971981711773	1e-06	0,18823585000623233	0,3719196838518178	0,9999974378940026	2023-05-31 10:12:57.567350		predict_arima_corr
Флосс	"ООО ""СЕМЕЙНЫЙ ДОКТОР"""	2019	3	2,0	1,2141973934292762	2,509029386723608	0,4981734803970268	2,0	1,0499998246164102	2,4191704778902543	0,5203070222931103	2023-05-31 10:12:57.567350		predict_arima_corr
Флосс	"ООО ""СЕМЕЙНЫЙ ДОКТОР"""	2019	4	3,0	0,3954822744948373	0,6914637899636757	1,0054556971377702	3,0	0,3420006703642345	0,8217829785484755	0,9385613428152635	2023-05-31 10:12:57.567350		predict_arima_corr
Флосс	"ООО ""СЕМЕЙНЫЙ ДОКТОР"""	2019	5	1e-06	2,0853121428182075	4,218599669362818	1,0161894720821774	1e-06	1,8331429833892499	4,463779610046931	0,9272450506607428	2023-05-31 10:12:57.567350		predict_arima_corr
Флосс	"ООО ""СЕМЕЙНЫЙ ДОКТОР"""	2019	6	7,0	1,3334987765026842	3,2315288397464554	1,3596245413841443	4,9999985	1,1953224119185155	2,9707458655457915	1,5149383056543446	2023-05-31 10:12:57.567350		predict_arima_corr
Флосс	"ООО ""СЕМЕЙНЫЙ ДОКТОР"""	2019	7	4,0	0,8243033919973856	1,5496309732968916	2,4358633349567924	4,0	0,7388895601230172	1,7573256052867556	2,2232519636136034	2023-05-31 10:12:57.567350		predict_arima_corr
Флосс	"ООО ""СЕМЕЙНЫЙ ДОКТОР"""	2019	8	1e-06	1,2196596305472118	3,7775999299501795	1,6949084114031847	1e-06	1,0332949227714237	2,483299206133069	1,4873514115861326	2023-05-31 10:12:57.567350		predict_arima_corr
Флосс	"ООО ""СЕМЕЙНЫЙ ДОКТОР"""	2019	9	2,0	1,4763014064188416	4,711315453998128	2,384176573953642	2,0	1,2822471931430217	3,1782315578521314	1,9424593178289187	2023-05-31 10:12:57.567350		predict_arima_corr
Флосс	"ООО ""СЕМЕЙНЫЙ ДОКТОР"""	2019	10	4,0	1,7653273519983381	4,384270949392724	2,62007329633001	4,0	1,5332817843533233	3,6623569221671066	2,312060623379964	2023-05-31 10:12:57.567350		predict_arima_corr
Флосс	"ООО ""СЕМЕЙНЫЙ ДОКТОР"""	2019	11	2,0	0,4123155726244565	0,8993268729459565	2,4783848854434343	2,0	0,36201296983905595	0,8071911646628286	1,9910285446169036	2023-05-31 10:12:57.567350		predict_arima_corr
Флосс	"ООО ""СЕМЕЙНЫЙ ДОКТОР"""	2019	12	2,0	1,570062985968685	3,5491291475639266	1,1797819876381113	2,0	1,403685754861329	3,0172042720102827	1,1175116971521213	2023-05-31 10:12:57.567350		predict_arima_corr
Флосс	"ООО ""СЕМЕЙНЫЙ ДОКТОР"""	2020	1	2,0	1,7294363905165957	3,389265745688741	4,292964254733004	2,0	1,5580256743934215	3,16772794793354	3,9379728930611515	2023-05-31 10:12:57.567350		predict_arima_corr
Флосс	"ООО ""СЕМЕЙНЫЙ ДОКТОР"""	2020	2	1,0	0,3690810134381421	0,63325272731885	2,274229758818061	1,0	0,33483214633499614	0,6343503724423798	2,607622760453431	2023-05-31 10:12:57.567350		predict_arima_corr
Флосс	"ООО ""СЕМЕЙНЫЙ ДОКТОР"""	2020	3	1e-06	2,0613184210104487	3,152643839978967	0,5292918639357941	1e-06	1,8820673823617275	3,2970454739571733	0,3422849699859618	2023-05-31 10:12:57.567350		predict_arima_corr
Флосс	"ООО ""СЕМЕЙНЫЙ ДОКТОР"""	2020	4	1e-06	0,6936244981992042	0,850246300422034	0,9526770694460897	1e-06	0,6352397537823362	0,9945150492845674	0,7428664580941798	2023-05-31 10:12:57.567350		predict_arima_corr
Флосс	"ООО ""СЕМЕЙНЫЙ ДОКТОР"""	2020	5	3,0	3,2704836627898115	2,7104710811455206	4,111895130535732	3,0	2,995195885573504	3,9436309132917704	3,921387995696302	2023-05-31 10:12:57.567350		predict_arima_corr
Флосс	"ООО ""СЕМЕЙНЫЙ ДОКТОР"""	2020	6	1,0	1,7920651360447715	0,9722407413833307	1,8497556496285916	1,0	1,641220899753766	1,74104505032547	1,3616239124296132	2023-05-31 10:12:57.567350		predict_arima_corr
Флосс	"ООО ""СЕМЕЙНЫЙ ДОКТОР"""	2020	7	1,0	1,2319495832336982	1,2299230124401637	0,8574515998307457	1,0	1,1387050961859215	1,1980624651098362	2,204473551309473	2023-05-31 10:12:57.567350		predict_arima_corr
Флосс	"ООО ""СЕМЕЙНЫЙ ДОКТОР"""	2020	8	4,0	1,377564447986052	1,2762640746060097	2,2388082296433556	4,0	1,2768603981551059	1,2363882631528047	2,824546144554053	2023-05-31 10:12:57.567350		predict_arima_corr
Флосс	"ООО ""СЕМЕЙНЫЙ ДОКТОР"""	2020	9	1,0	1,4859829740691917	1,2846321968036152	1,8279470919838539	1,0	1,381123822372166	1,2361724195947812	0,8795232740066665	2023-05-31 10:12:57.567350		predict_arima_corr
Флосс	"ООО ""СЕМЕЙНЫЙ ДОКТОР"""	2020	10	3,0	2,0365993341518065	2,9646091987116328	1,3043944082304466	3,0	1,9112111708774202	2,0858856159567836	0,9832409065772171	2023-05-31 10:12:57.567350		predict_arima_corr
Флосс	"ООО ""СЕМЕЙНЫЙ ДОКТОР"""	2020	11	1e-06	0,45630678782541834	0,5914480907084964	2,032165733874707	1e-06	0,42912526897464054	0,47758406662106406	1,9918144824423354	2023-05-31 10:12:57.567350		predict_arima_corr
Флосс	"ООО ""СЕМЕЙНЫЙ ДОКТОР"""	2020	12	1,0	1,6639856353483637	2,526559289821015	2,416432524733451	1,0	1,5740820201621264	1,9696973610277606	1,7059519376465895	2023-05-31 10:12:57.567350		predict_arima_corr
Флосс	"ООО ""СЕМЕЙНЫЙ ДОКТОР"""	2021	1	1,0	1,7143269952383302	1,9213001724153453	1,359740193163119	1,0	1,6217034856476968	1,9277274922526684	1,3020560750521963	2023-05-31 10:12:57.567350		predict_arima_corr
Флосс	"ООО ""СЕМЕЙНЫЙ ДОКТОР"""	2021	2	1e-06	0,3542973313698112	0,34682470647657393	0,0	1e-06	0,3357906105396093	0,37878516472715007	0,0	2023-05-31 10:12:57.567350		predict_arima_corr
Флосс	"ООО ""СЕМЕЙНЫЙ ДОКТОР"""	2021	3	2,0	1,919129099004364	1,6741615213846324	2,115246775412887	2,0	1,8222689920465225	1,9199357757150737	2,0808186938760715	2023-05-31 10:12:57.567350		predict_arima_corr
Флосс	"ООО ""СЕМЕЙНЫЙ ДОКТОР"""	2021	4	1e-06	0,6250890749441467	0,3731085062401383	1,209442362184526	1e-06	0,5935402893328874	0,5347273030207145	0,39358387058819977	2023-05-31 10:12:57.567350		predict_arima_corr
Флосс	"ООО ""СЕМЕЙНЫЙ ДОКТОР"""	2021	5	3,0	3,167922786416008	2,631562966286538	1,3990165440564601	3,0	3,019168258986953	2,7169238806521796	1,6728164290749385	2023-05-31 10:12:57.567350		predict_arima_corr
Флосс	"ООО ""СЕМЕЙНЫЙ ДОКТОР"""	2021	6	1e-06	1,7358667925281017	1,0148187328616225	0,6831666866155044	1e-06	1,6543565877824908	1,277120613068937	1,0778051817314418	2023-05-31 10:12:57.567350		predict_arima_corr
Флосс	"ООО ""СЕМЕЙНЫЙ ДОКТОР"""	2021	7	1e-06	1,1972105315934527	1,3156303925990152	1,7418663214993577	1e-06	1,1468249323982587	1,035591222744743	1,1518029209774758	2023-05-31 10:12:57.567350		predict_arima_corr
Флосс	"ООО ""СЕМЕЙНЫЙ ДОКТОР"""	2021	8	1e-06	1,2929874702182034	1,0672877939253749	1,5941779845257187	1e-06	1,2385710210235712	1,0223761714979338	1,3944037891392504	2023-05-31 10:12:57.567350		predict_arima_corr
Флосс	"ООО ""СЕМЕЙНЫЙ ДОКТОР"""	2021	9	1,0	1,3463368623588765	0,7914022938579667	0,4726356286693629	1,0	1,2896751619556426	0,916860104429999	0,8295793357828405	2023-05-31 10:12:57.567350		predict_arima_corr
Флосс	"ООО ""СЕМЕЙНЫЙ ДОКТОР"""	2021	10	1e-06	1,6099187376166686	0,6457581590496613	1,018442245978887	1e-06	1,5421639787178651	0,9003134414493725	0,7571448872271247	2023-05-31 10:12:57.567350		predict_arima_corr
Флосс	"ООО ""СЕМЕЙНЫЙ ДОКТОР"""	2021	11	1e-06	0,3638114008996087	0,1893042001760417	0,2589616908828199	1e-06	0,349123592990599	0,1967425403462376	0,0	2023-05-31 10:12:57.567350		predict_arima_corr
Флосс	"ООО ""СЕМЕЙНЫЙ ДОКТОР"""	2021	12	1,0	1,2033161858399046	0,4340707436114503	1,8314873735253026	1,0	1,1547358604566822	0,5381267293742643	1,8958283452679952	2023-05-31 10:12:57.567350		predict_arima_corr
Флосс	"ООО ""СЕМЕЙНЫЙ ДОКТОР"""	2022	1	0,0	1,2397207062001285	0,2986254422399663	0,0	0,0	1,1896706584381136	0,44080033561358556	0,0	2023-05-31 10:12:57.567350		predict_arima_corr
Флосс	"ООО ""СЕМЕЙНЫЙ ДОКТОР"""	2022	2	0,0	0,2607404980085856	0,058057596772961996	0,6335629040926998	0,0	0,25021387349263224	0,08051660704298072	0,5590666349464211	2023-05-31 10:12:57.567350		predict_arima_corr
Флосс	"ООО ""СЕМЕЙНЫЙ ДОКТОР"""	2022	3	0,0	1,4364825540702808	0,3003509503682068	0,5154201912304874	0,0	1,3784888300960418	0,39626385605844355	0,0	2023-05-31 10:12:57.567350		predict_arima_corr
Флосс	"ООО ""СЕМЕЙНЫЙ ДОКТОР"""	2022	4	0,0	0,49250931989556884	0,09792319616193831	1,3584089769212122	0,0	0,4726257163865447	0,12413786251694166	1,3510752070892784	2023-05-31 10:12:57.567350		predict_arima_corr
Флосс	"ООО ""СЕМЕЙНЫЙ ДОКТОР"""	2022	5	0,0	2,4444344383834262	0,4668350963373957	0,3634464024645412	0,0	2,3457476456402433	0,5732086918805241	0,0	2023-05-31 10:12:57.567350		predict_arima_corr
Флосс	"ООО ""СЕМЕЙНЫЙ ДОКТОР"""	2022	6	0,0	1,4099268457020866	0,2607311181050674	0,19931285167273777	0,0	1,3530052297159898	0,31206610776486304	0,0	2023-05-31 10:12:57.567350		predict_arima_corr
Флосс	"ООО ""СЕМЕЙНЫЙ ДОКТОР"""	2022	7	0,0	0,9174183406179427	0,16533798908297795	1,2660145324491474	0,0	0,8803802952452745	0,1938875680507267	0,9998456070956514	2023-05-31 10:12:57.567350		predict_arima_corr
Флосс	"ООО ""СЕМЕЙНЫЙ ДОКТОР"""	2022	8	0,0	1,0429598373109024	0,18412805881641797	0,054482585284703955	0,0	1,0008534262376592	0,21242036293148042	0,0	2023-05-31 10:12:57.567350		predict_arima_corr
Флосс	"ООО ""СЕМЕЙНЫЙ ДОКТОР"""	2022	9	0,0	1,1431504281274043	0,19851507790667264	0,3735909807061912	0,0	1,096999119013343	0,22604180070253949	0,10479056365823802	2023-05-31 10:12:57.567350		predict_arima_corr
Флосс	"ООО ""СЕМЕЙНЫЙ ДОКТОР"""	2022	10	0,0	1,4388979001528206	0,24659841126347964	0,5606117805678379	0,0	1,380806663741959	0,2778694518917669	0,0	2023-05-31 10:12:57.567350		predict_arima_corr
Флосс	"ООО ""СЕМЕЙНЫЙ ДОКТОР"""	2022	11	0,0	0,32833981820085406	0,055680098269806154	1,1111079843272336	0,0	0,31508407156297286	0,062217812740408836	0,5992326834985552	2023-05-31 10:12:57.567350		predict_arima_corr
Флосс	"ООО ""СЕМЕЙНЫЙ ДОКТОР"""	2022	12	0,0	1,1431504281274043	0,19222626979616578	0,14492794866361358	0,0	1,096999119013343	0,2133628765217832	0,0	2023-05-31 10:12:57.567350		predict_arima_corr
Флосс	"ООО ""СЕМЕЙНЫЙ ДОКТОР"""	2023	1	0,0	1,2397207062001285	0,20706158895136995	0,4017789509773238	0,0	1,1896706584381136	0,22860133388515072	0,0742434565745439	2023-05-31 10:12:57.567350		predict_arima_corr
Флосс	"ООО ""СЕМЕЙНЫЙ ДОКТОР"""	2023	2	0,0	0,2607404980085856	0,043314892802348036	1,0100948192480665	0,0	0,25021387349263224	0,04761622266853047	0,04446507292053431	2023-05-31 10:12:57.567350		predict_arima_corr
Флосс	"ООО ""СЕМЕЙНЫЙ ДОКТОР"""	2023	3	0,0	1,4364825540702808	0,23760280415200033	0,38687268270197106	0,0	1,3784888300960418	0,26030352019766795	0,0	2023-05-31 10:12:57.567350		predict_arima_corr
Флосс	"ООО ""СЕМЕЙНЫЙ ДОКТОР"""	2023	4	0,0	0,49250931989556884	0,08118272432414537	0,46730493083607527	0,0	0,4726257163865447	0,0886953245312	0,0	2023-05-31 10:12:57.567350		predict_arima_corr
Флосс	"ООО ""СЕМЕЙНЫЙ ДОКТОР"""	2023	5	0,0	2,4444344383834262	0,4018148022088469	0,6126970396219303	0,0	2,3457476456402433	0,4380361350671086	0,0	2023-05-31 10:12:57.567350		predict_arima_corr
Флосс	"ООО ""СЕМЕЙНЫЙ ДОКТОР"""	2023	6	0,0	1,4099268457020866	0,23125057077247876	0,9738193757698513	0,0	1,3530052297159898	0,2516542916777632	0,045560271961531784	2023-05-31 10:12:57.567350		predict_arima_corr
Средства для протезов	"ООО ""СЕМЕЙНЫЙ ДОКТОР"""	2019	2	5,0	0,0	0,0	0,0	5,0	0,0	0,0	0,0	2023-05-31 10:12:57.567350		predict_arima
Средства для протезов	"ООО ""СЕМЕЙНЫЙ ДОКТОР"""	2019	3	2,0	0,0	0,0	4,999972283065468	2,0	0,0	0,0	4,999972124292125	2023-05-31 10:12:57.567350		predict_arima
Средства для протезов	"ООО ""СЕМЕЙНЫЙ ДОКТОР"""	2019	4	3,0	0,0	0,0	3,415907863277323	3,0	0,0	0,0	3,469067880302599	2023-05-31 10:12:57.567350		predict_arima
Средства для протезов	"ООО ""СЕМЕЙНЫЙ ДОКТОР"""	2019	5	1e-06	0,0	0,0	3,7589006508621723	1e-06	0,0	0,0	3,690917887338433	2023-05-31 10:12:57.567350		predict_arima
Средства для протезов	"ООО ""СЕМЕЙНЫЙ ДОКТОР"""	2019	6	7,0	0,0	0,0	2,8994687289926384	7,0	0,0	0,0	2,8877673458917608	2023-05-31 10:12:57.567350		predict_arima
Средства для протезов	"ООО ""СЕМЕЙНЫЙ ДОКТОР"""	2019	7	3,0	0,0	0,0	3,5896542204990256	3,0	0,0	0,0	3,5228161787203414	2023-05-31 10:12:57.567350		predict_arima
Средства для протезов	"ООО ""СЕМЕЙНЫЙ ДОКТОР"""	2019	8	3,0	0,0	0,0	1,4579805469869473	3,0	0,0	0,0	1,6176616344346115	2023-05-31 10:12:57.567350		predict_arima
Средства для протезов	"ООО ""СЕМЕЙНЫЙ ДОКТОР"""	2019	9	2,0	0,0	0,0	4,020309763004064	2,0	0,0	0,0	3,946038364650544	2023-05-31 10:12:57.567350		predict_arima
Средства для протезов	"ООО ""СЕМЕЙНЫЙ ДОКТОР"""	2019	10	5,0	0,0	0,0	2,5517795370197915	5,0	0,0	0,0	2,611355246153723	2023-05-31 10:12:57.567350		predict_arima
Средства для протезов	"ООО ""СЕМЕЙНЫЙ ДОКТОР"""	2019	11	1e-06	0,0	0,0	4,208633393783701	1e-06	0,0	0,0	4,202356205162019	2023-05-31 10:12:57.567350		predict_arima
Средства для протезов	"ООО ""СЕМЕЙНЫЙ ДОКТОР"""	2019	12	1e-06	0,0	0,0	2,0136383691233446	1e-06	0,0	0,0	2,0682593322434135	2023-05-31 10:12:57.567350		predict_arima
Средства для протезов	"ООО ""СЕМЕЙНЫЙ ДОКТОР"""	2020	1	6,0	0,0	0,0	4,467755625503468	6,0	0,0	0,0	4,180419863654706	2023-05-31 10:12:57.567350		predict_arima
Средства для протезов	"ООО ""СЕМЕЙНЫЙ ДОКТОР"""	2020	2	1,0	0,0	0,0	3,3540192941288023	1,0	0,0	0,0	3,318394126076438	2023-05-31 10:12:57.567350		predict_arima
Средства для протезов	"ООО ""СЕМЕЙНЫЙ ДОКТОР"""	2020	3	1,0	0,0	0,0	1,4206314848501993	1,0	0,0	0,0	1,697192112943256	2023-05-31 10:12:57.567350		predict_arima
Средства для протезов	"ООО ""СЕМЕЙНЫЙ ДОКТОР"""	2020	4	2,0	0,0	0,0	2,2016185205656704	2,0	0,0	0,0	1,8266271350888994	2023-05-31 10:12:57.567350		predict_arima
Средства для протезов	"ООО ""СЕМЕЙНЫЙ ДОКТОР"""	2020	5	1e-06	0,0	0,0	0,6840784129557116	1e-06	0,0	0,0	0,8149144571107168	2023-05-31 10:12:57.567350		predict_arima
Средства для протезов	"ООО ""СЕМЕЙНЫЙ ДОКТОР"""	2020	6	4,0	0,0	0,0	6,259646064032394	4,0	0,0	0,0	6,249029074887894	2023-05-31 10:12:57.567350		predict_arima
Средства для протезов	"ООО ""СЕМЕЙНЫЙ ДОКТОР"""	2020	7	1e-06	0,0	0,0	0,0	1e-06	0,0	0,0	0,0	2023-05-31 10:12:57.567350		predict_arima
Средства для протезов	"ООО ""СЕМЕЙНЫЙ ДОКТОР"""	2020	8	4,0	0,0	0,0	2,6642847809806	4,0	0,0	0,0	2,496751574454613	2023-05-31 10:12:57.567350		predict_arima
Средства для протезов	"ООО ""СЕМЕЙНЫЙ ДОКТОР"""	2020	9	8,0	0,0	0,0	4,46961059072226	7,4999985	0,0	0,0	4,471187985927696	2023-05-31 10:12:57.567350		predict_arima
Средства для протезов	"ООО ""СЕМЕЙНЫЙ ДОКТОР"""	2020	10	1e-06	0,0	0,0	0,36781785671765377	1e-06	0,0	0,0	0,4139672559125378	2023-05-31 10:12:57.567350		predict_arima
Средства для протезов	"ООО ""СЕМЕЙНЫЙ ДОКТОР"""	2020	11	1e-06	0,0	0,0	1,459906697504926	1e-06	0,0	0,0	1,4977464993217096	2023-05-31 10:12:57.567350		predict_arima
Средства для протезов	"ООО ""СЕМЕЙНЫЙ ДОКТОР"""	2020	12	1e-06	0,0	0,0	2,798279601010077	1e-06	0,0	0,0	2,8195516669076324	2023-05-31 10:12:57.567350		predict_arima
Средства для протезов	"ООО ""СЕМЕЙНЫЙ ДОКТОР"""	2021	1	4,0	0,0	0,0	3,616085628764149	4,0	0,0	0,0	3,4817356905381645	2023-05-31 10:12:57.567350		predict_arima
Средства для протезов	"ООО ""СЕМЕЙНЫЙ ДОКТОР"""	2021	2	2,0	0,0	0,0	2,866528622922684	2,0	0,0	0,0	2,6661117273160038	2023-05-31 10:12:57.567350		predict_arima
Средства для протезов	"ООО ""СЕМЕЙНЫЙ ДОКТОР"""	2021	3	1e-06	0,0	0,0	1,1224302282214653	1e-06	0,0	0,0	1,14376012831198	2023-05-31 10:12:57.567350		predict_arima
Средства для протезов	"ООО ""СЕМЕЙНЫЙ ДОКТОР"""	2021	4	1e-06	0,0	0,0	1,4470533238174286	1e-06	0,0	0,0	1,3669063428890087	2023-05-31 10:12:57.567350		predict_arima
Средства для протезов	"ООО ""СЕМЕЙНЫЙ ДОКТОР"""	2021	5	1,0	0,0	0,0	1,430761187734169	1,0	0,0	0,0	1,4293020904156752	2023-05-31 10:12:57.567350		predict_arima
Средства для протезов	"ООО ""СЕМЕЙНЫЙ ДОКТОР"""	2021	6	2,0	0,0	0,0	1,8897129352143422	2,0	0,0	0,0	1,9603975399207303	2023-05-31 10:12:57.567350		predict_arima
Средства для протезов	"ООО ""СЕМЕЙНЫЙ ДОКТОР"""	2021	7	1e-06	0,0	0,0	0,0	1e-06	0,0	0,0	0,0	2023-05-31 10:12:57.567350		predict_arima
Средства для протезов	"ООО ""СЕМЕЙНЫЙ ДОКТОР"""	2021	8	1,0	0,0	0,0	3,652209191918752	1,0	0,0	0,0	3,5353140469684905	2023-05-31 10:12:57.567350		predict_arima
Средства для протезов	"ООО ""СЕМЕЙНЫЙ ДОКТОР"""	2021	9	1e-06	0,0	0,0	1,4909918257142536	1e-06	0,0	0,0	1,6026280522191705	2023-05-31 10:12:57.567350		predict_arima
Средства для протезов	"ООО ""СЕМЕЙНЫЙ ДОКТОР"""	2021	10	2,0	0,0	0,0	0,0	2,0	0,0	0,0	0,0	2023-05-31 10:12:57.567350		predict_arima
Средства для протезов	"ООО ""СЕМЕЙНЫЙ ДОКТОР"""	2021	11	0,0	0,0	0,0	3,0274171072339673	0,0	0,0	0,0	2,577653534463903	2023-05-31 10:12:57.567350		predict_arima
Средства для протезов	"ООО ""СЕМЕЙНЫЙ ДОКТОР"""	2021	12	0,0	0,0	0,0	0,0	0,0	0,0	0,0	0,0	2023-05-31 10:12:57.567350		predict_arima
Средства для протезов	"ООО ""СЕМЕЙНЫЙ ДОКТОР"""	2022	1	0,0	0,0	0,0	1,453829282892622	0,0	0,0	0,0	1,5588861284011823	2023-05-31 10:12:57.567350		predict_arima
Средства для протезов	"ООО ""СЕМЕЙНЫЙ ДОКТОР"""	2022	2	0,0	0,0	0,0	0,43504312013524515	0,0	0,0	0,0	0,32419647076401503	2023-05-31 10:12:57.567350		predict_arima
Средства для протезов	"ООО ""СЕМЕЙНЫЙ ДОКТОР"""	2022	3	0,0	0,0	0,0	0,0	0,0	0,0	0,0	0,0	2023-05-31 10:12:57.567350		predict_arima
Средства для протезов	"ООО ""СЕМЕЙНЫЙ ДОКТОР"""	2022	4	0,0	0,0	0,0	2,392554881243963	0,0	0,0	0,0	2,129785998518506	2023-05-31 10:12:57.567350		predict_arima
Средства для протезов	"ООО ""СЕМЕЙНЫЙ ДОКТОР"""	2022	5	0,0	0,0	0,0	0,0	0,0	0,0	0,0	0,0	2023-05-31 10:12:57.567350		predict_arima
Средства для протезов	"ООО ""СЕМЕЙНЫЙ ДОКТОР"""	2022	6	0,0	0,0	0,0	0,11041031195194284	0,0	0,0	0,0	0,2534161571983349	2023-05-31 10:12:57.567350		predict_arima
Средства для протезов	"ООО ""СЕМЕЙНЫЙ ДОКТОР"""	2022	7	0,0	0,0	0,0	1,5065155395550849	0,0	0,0	0,0	1,2101572586754707	2023-05-31 10:12:57.567350		predict_arima
Средства для протезов	"ООО ""СЕМЕЙНЫЙ ДОКТОР"""	2022	8	0,0	0,0	0,0	0,0	0,0	0,0	0,0	0,0	2023-05-31 10:12:57.567350		predict_arima
Средства для протезов	"ООО ""СЕМЕЙНЫЙ ДОКТОР"""	2022	9	0,0	0,0	0,0	0,6251173107901824	0,0	0,0	0,0	0,591741366631074	2023-05-31 10:12:57.567350		predict_arima
Средства для протезов	"ООО ""СЕМЕЙНЫЙ ДОКТОР"""	2022	10	0,0	0,0	0,0	0,0	0,0	0,0	0,0	0,0	2023-05-31 10:12:57.567350		predict_arima
Средства для протезов	"ООО ""СЕМЕЙНЫЙ ДОКТОР"""	2022	11	0,0	0,0	0,0	1,3621369982957825	0,0	0,0	0,0	1,2041683287843596	2023-05-31 10:12:57.567350		predict_arima
Средства для протезов	"ООО ""СЕМЕЙНЫЙ ДОКТОР"""	2022	12	0,0	0,0	0,0	0,055379976614761794	0,0	0,0	0,0	0,15105042149219683	2023-05-31 10:12:57.567350		predict_arima
Средства для протезов	"ООО ""СЕМЕЙНЫЙ ДОКТОР"""	2023	1	0,0	0,0	0,0	0,7345064257971621	0,0	0,0	0,0	0,8189595539497614	2023-05-31 10:12:57.567350		predict_arima
Средства для протезов	"ООО ""СЕМЕЙНЫЙ ДОКТОР"""	2023	2	0,0	0,0	0,0	0,0	0,0	0,0	0,0	0,0	2023-05-31 10:12:57.567350		predict_arima
Средства для протезов	"ООО ""СЕМЕЙНЫЙ ДОКТОР"""	2023	3	0,0	0,0	0,0	0,0	0,0	0,0	0,0	0,05243828357034097	2023-05-31 10:12:57.567350		predict_arima
Средства для протезов	"ООО ""СЕМЕЙНЫЙ ДОКТОР"""	2023	4	0,0	0,0	0,0	2,0573020562979596	0,0	0,0	0,0	1,8429135864651993	2023-05-31 10:12:57.567350		predict_arima
Зубная щетка детская	"ООО ""СЕМЕЙНЫЙ ДОКТОР"""	2019	1	2,0	0,0	0,0	0,0	2,0	0,0	0,0	0,0	2023-05-31 10:12:57.567350		predict_arima
Зубная щетка детская	"ООО ""СЕМЕЙНЫЙ ДОКТОР"""	2019	2	2,0	1,0374605713710319	1,1366418224947021	1,9999936912396892	2,0	1,0374605713710319	1,1366420908309014	1,9999936641518476	2023-05-31 10:12:57.567350		predict_arima
Зубная щетка детская	"ООО ""СЕМЕЙНЫЙ ДОКТОР"""	2019	3	2,0	1,2476826222040003	1,825751561519212	1,9999984417548222	2,0	1,2476826222040003	1,8257515619540932	1,9999984151296826	2023-05-31 10:12:57.567350		predict_arima
Зубная щетка детская	"ООО ""СЕМЕЙНЫЙ ДОКТОР"""	2019	4	1,0	2,0442968548625435	3,2729798804497245	1,9999988224680345	1,0	2,0442968548625435	3,272979566216733	1,999998894013315	2023-05-31 10:12:57.567350		predict_arima
Зубная щетка детская	"ООО ""СЕМЕЙНЫЙ ДОКТОР"""	2019	5	1e-06	0,9592582780773743	1,5086514913545737	1,8338798008816457	1e-06	0,9592582780773743	1,508651292567848	1,8369587945372001	2023-05-31 10:12:57.567350		predict_arima
Зубная щетка детская	"ООО ""СЕМЕЙНЫЙ ДОКТОР"""	2019	6	4,0	0,8680553165919911	1,2427277144598694	1,326645167385947	4,0	0,8680553165919911	1,2427275231531107	1,3339538058479725	2023-05-31 10:12:57.567350		predict_arima
Зубная щетка детская	"ООО ""СЕМЕЙНЫЙ ДОКТОР"""	2019	7	5,0	1,4952241295278041	1,7693344452615472	1,3347808265482817	4,9999985	1,4952241295278041	1,769334105926114	1,3217494273381898	2023-05-31 10:12:57.567350		predict_arima
Зубная щетка детская	"ООО ""СЕМЕЙНЫЙ ДОКТОР"""	2019	8	3,0	3,597487754352414	4,823774254132775	2,847496664105623	3,0	3,597487754352414	4,8237741183469725	2,821025466531138	2023-05-31 10:12:57.567350		predict_arima
Зубная щетка детская	"ООО ""СЕМЕЙНЫЙ ДОКТОР"""	2019	9	3,0	2,959956098262492	4,447089551593636	3,0949173784368766	3,0	2,959955593262435	4,447088620772922	3,110704056048276	2023-05-31 10:12:57.567350		predict_arima
Зубная щетка детская	"ООО ""СЕМЕЙНЫЙ ДОКТОР"""	2019	10	3,0	5,374104615656961	8,089694216562208	3,1050939443404877	3,0	5,374104014407088	8,089692977161938	3,0468590552700316	2023-05-31 10:12:57.567350		predict_arima
Зубная щетка детская	"ООО ""СЕМЕЙНЫЙ ДОКТОР"""	2019	11	2,0	2,4838517586014417	3,4737804039735525	2,5510322337962448	2,0	2,483851576926416	3,473780060636246	2,5290303194043604	2023-05-31 10:12:57.567350		predict_arima
Зубная щетка детская	"ООО ""СЕМЕЙНЫЙ ДОКТОР"""	2019	12	1,0	2,042904022842162	2,5770217235398523	1,517567622072193	1,0	2,042903925350285	2,5770215909022682	1,5407477179787363	2023-05-31 10:12:57.567350		predict_arima
Зубная щетка детская	"ООО ""СЕМЕЙНЫЙ ДОКТОР"""	2020	1	1,0	1,4714204028999007	1,623127410657751	2,775824327748407	1,0	1,4714203511330708	1,6231273752225852	2,795747425909548	2023-05-31 10:12:57.567350		predict_arima
Зубная щетка детская	"ООО ""СЕМЕЙНЫЙ ДОКТОР"""	2020	2	2,0	1,7048112651825196	1,5578373713846354	2,0497723251751734	2,0	1,704811215290016	1,5578373656321858	2,233043830426066	2023-05-31 10:12:57.567350		predict_arima
Зубная щетка детская	"ООО ""СЕМЕЙНЫЙ ДОКТОР"""	2020	3	1e-06	1,3947938473720565	1,0692272385446835	0,9370997620501607	1e-06	1,394793814941933	1,0692272479710148	1,033529871927996	2023-05-31 10:12:57.567350		predict_arima
Зубная щетка детская	"ООО ""СЕМЕЙНЫЙ ДОКТОР"""	2020	4	4,0	2,1855065210905127	1,7900858442945942	2,612535937867131	4,0	2,1855064899613663	1,7900858657907102	2,546301454984736	2023-05-31 10:12:57.567350		predict_arima
Зубная щетка детская	"ООО ""СЕМЕЙНЫЙ ДОКТОР"""	2020	5	2,0	0,6263976570876542	0,39029827852034527	3,2662706247988273	2,0	0,6263976481655948	0,39029828559489743	3,13489201383653	2023-05-31 10:12:57.567350		predict_arima
Зубная щетка детская	"ООО ""СЕМЕЙНЫЙ ДОКТОР"""	2020	6	1e-06	1,2362421165050497	1,5364072375553492	2,932705705674667	1e-06	1,2362421102914702	1,5364072397074562	2,836904244184658	2023-05-31 10:12:57.567350		predict_arima
Зубная щетка детская	"ООО ""СЕМЕЙНЫЙ ДОКТОР"""	2020	7	1,0	3,1894244065464656	4,409134769677024	0,3196975765125889	1,0	3,1894243958435866	4,409134764365714	0,3536046242366308	2023-05-31 10:12:57.567350		predict_arima
Зубная щетка детская	"ООО ""СЕМЕЙНЫЙ ДОКТОР"""	2020	8	1,0	2,412127945152241	3,1112924412674396	0,3334720492717652	1,0	2,4121279370577686	3,1112924321905076	0,304642642701045	2023-05-31 10:12:57.567350		predict_arima
Зубная щетка детская	"ООО ""СЕМЕЙНЫЙ ДОКТОР"""	2020	9	2,0	1,1926465430953905	1,3368568548877475	1,8279316532654502	2,0	1,1926465402229456	1,336856850528441	1,8893593931039467	2023-05-31 10:12:57.567350		predict_arima
Зубная щетка детская	"ООО ""СЕМЕЙНЫЙ ДОКТОР"""	2020	10	1e-06	2,036623966050995	2,0151033892455783	0,923674354008633	1e-06	2,03662396263108	2,015103383595789	0,9601539337651359	2023-05-31 10:12:57.567350		predict_arima
Зубная щетка детская	"ООО ""СЕМЕЙНЫЙ ДОКТОР"""	2020	11	2,0	1,1887243297620829	1,2541135695418257	2,7318019462375567	2,0	1,1887243287287137	1,2541135680192244	2,625765402802144	2023-05-31 10:12:57.567350		predict_arima
Зубная щетка детская	"ООО ""СЕМЕЙНЫЙ ДОКТОР"""	2020	12	1e-06	0,6379028087030014	0,553383497812495	0,4963458824572753	1e-06	0,6379028081484668	0,5533834971762595	0,5882896612491253	2023-05-31 10:12:57.567350		predict_arima
Зубная щетка детская	"ООО ""СЕМЕЙНЫЙ ДОКТОР"""	2021	1	1e-06	0,7253843105943502	0,7677295982748138	0,13803063093951706	1e-06	0,7253843102998999	0,7677295982029259	0,11851717806756218	2023-05-31 10:12:57.567350		predict_arima
Зубная щетка детская	"ООО ""СЕМЕЙНЫЙ ДОКТОР"""	2021	2	1e-06	0,6991205454902948	0,6302022759250911	1,3495826539446594	1e-06	0,6991205452065057	0,6302022760393345	1,333008183887361	2023-05-31 10:12:57.567350		predict_arima
Зубная щетка детская	"ООО ""СЕМЕЙНЫЙ ДОКТОР"""	2021	3	2,0	0,4544285820540751	0,30838619865053496	1,4223857622511658	2,0	0,45442858186961227	0,30838619877426393	1,3734989014562176	2023-05-31 10:12:57.567350		predict_arima
Зубная щетка детская	"ООО ""СЕМЕЙНЫЙ ДОКТОР"""	2021	4	1e-06	0,4361990092875894	0,2019047480620644	0,4257018860699635	1e-06	0,4361990091105265	0,20190474817859588	0,4315321130297023	2023-05-31 10:12:57.567350		predict_arima
Зубная щетка детская	"ООО ""СЕМЕЙНЫЙ ДОКТОР"""	2021	5	1e-06	0,49835440387853697	0,8482813960961445	0,0	1e-06	0,4983544038277882	0,8482813959976826	0,0	2023-05-31 10:12:57.567350		predict_arima
Зубная щетка детская	"ООО ""СЕМЕЙНЫЙ ДОКТОР"""	2021	6	1e-06	0,34706858314608735	0,7479218903484789	1,0487419408198777	1e-06	0,3470685831107444	0,7479218901537913	1,0149541701345326	2023-05-31 10:12:57.567350		predict_arima
Зубная щетка детская	"ООО ""СЕМЕЙНЫЙ ДОКТОР"""	2021	7	2,0	0,5978254914460487	1,3317961640376044	1,1053843534336527	2,0	0,5978254913851706	1,331796163537261	1,1107739475483986	2023-05-31 10:12:57.567350		predict_arima
Зубная щетка детская	"ООО ""СЕМЕЙНЫЙ ДОКТОР"""	2021	8	4,0	0,45212959725073565	0,8853910537264282	0,5644257275990181	4,0	0,45212959720469426	0,8853910533120661	0,5123468187370868	2023-05-31 10:12:57.567350		predict_arima
Зубная щетка детская	"ООО ""СЕМЕЙНЫЙ ДОКТОР"""	2021	9	1e-06	0,8337783895627946	1,391853440713758	1,028962429348284	1e-06	0,8337783895464562	1,3918534406573746	0,972185962872012	2023-05-31 10:12:57.567350		predict_arima
Зубная щетка детская	"ООО ""СЕМЕЙНЫЙ ДОКТОР"""	2021	10	5,0	3,4593574233532522	6,599790847675882	2,272235222263874	4,9999985	3,4593574233338003	6,599790848118092	2,2559339440069985	2023-05-31 10:12:57.567350		predict_arima
Зубная щетка детская	"ООО ""СЕМЕЙНЫЙ ДОКТОР"""	2021	11	1e-06	1,04528757121626	2,23546473135575	0,6453362507896365	1e-06	1,045287571210382	2,2354647316508456	0,6860440673656107	2023-05-31 10:12:57.567350		predict_arima
Зубная щетка детская	"ООО ""СЕМЕЙНЫЙ ДОКТОР"""	2021	12	2,0	1,7442637693234297	3,1753403510690825	2,6946170750003016	2,0	1,7442634143202689	3,1753396304506256	2,67429669241624	2023-05-31 10:12:57.567350		predict_arima
Зубная щетка детская	"ООО ""СЕМЕЙНЫЙ ДОКТОР"""	2022	1	0,0	0,9261799811661752	1,6601877178017528	1,1239460320323904	0,0	0,9261797926644371	1,660187258506546	1,1925423817656458	2023-05-31 10:12:57.567350		predict_arima
Зубная щетка детская	"ООО ""СЕМЕЙНЫЙ ДОКТОР"""	2022	2	0,0	1,373301082120558	2,5925692738825448	2,1754631957054595	0,0	1,3733008026180356	2,592568453642735	2,088017028536475	2023-05-31 10:12:57.567350		predict_arima
Зубная щетка детская	"ООО ""СЕМЕЙНЫЙ ДОКТОР"""	2022	3	0,0	1,3733009032722907	2,7022937295538405	1,2966289000792541	0,0	1,3733006237698049	2,7022927887128687	1,4757973125563644	2023-05-31 10:12:57.567350		predict_arima
Зубная щетка детская	"ООО ""СЕМЕЙНЫЙ ДОКТОР"""	2022	4	0,0	2,0280140674839333	4,125148652897224	0,130476631830456	0,0	2,028013654730274	4,1251471117826455	0,20364014411218356	2023-05-31 10:12:57.567350		predict_arima
Зубная щетка детская	"ООО ""СЕМЕЙНЫЙ ДОКТОР"""	2022	5	0,0	0,894242888558994	1,8678653643551861	3,8052606271115534	0,0	0,8942427065572858	1,8678646285450164	3,834065736015956	2023-05-31 10:12:57.567350		predict_arima
Зубная щетка детская	"ООО ""СЕМЕЙНЫЙ ДОКТОР"""	2022	6	0,0	0,9581177604236739	2,044212839554473	1,6334737944679247	0,0	0,9581175654217663	2,044212001010521	1,7176951892177308	2023-05-31 10:12:57.567350		predict_arima
Зубная щетка детская	"ООО ""СЕМЕЙНЫЙ ДОКТОР"""	2022	7	0,0	2,539009206741744	5,509918999756936	2,7181064019704215	0,0	2,5390086899872704	5,509916667837634	2,564263366128019	2023-05-31 10:12:57.567350		predict_arima
Зубная щетка детская	"ООО ""СЕМЕЙНЫЙ ДОКТОР"""	2022	8	0,0	2,954192796711372	6,498584161314487	0,9301052087046859	0,0	2,9541921954562294	6,498581343290235	1,0326958508184672	2023-05-31 10:12:57.567350		predict_arima
Зубная щетка детская	"ООО ""СЕМЕЙНЫЙ ДОКТОР"""	2022	9	0,0	1,6128302986659484	3,58663981877128	1,9003134398330048	0,0	1,6128299704129947	3,5866382335901275	1,7404471289707073	2023-05-31 10:12:57.567350		predict_arima
Зубная щетка детская	"ООО ""СЕМЕЙНЫЙ ДОКТОР"""	2022	10	0,0	2,954193154408294	6,626944341997557	1,5994138303698606	0,0	2,954192553153079	6,626941368927355	1,8188045003530577	2023-05-31 10:12:57.567350		predict_arima
Зубная щетка детская	"ООО ""СЕМЕЙНЫЙ ДОКТОР"""	2022	11	0,0	1,373301082120558	3,1021334212054503	1,6188964043283227	0,0	1,3733008026180356	3,1021320129426226	1,5823113240136975	2023-05-31 10:12:57.567350		predict_arima
Зубная щетка детская	"ООО ""СЕМЕЙНЫЙ ДОКТОР"""	2022	12	0,0	1,1337716867269005	2,575351647537338	2,8363439387404075	0,0	1,133771455974846	2,5753504674295105	2,8603559399295504	2023-05-31 10:12:57.567350		predict_arima
Зубная щетка детская	"ООО ""СЕМЕЙНЫЙ ДОКТОР"""	2023	1	0,0	0,9261799811661752	2,1131936441610213	0,9381072925984577	0,0	0,9261797926644371	2,1131926686170623	1,044301490498197	2023-05-31 10:12:57.567350		predict_arima
Зубная щетка детская	"ООО ""СЕМЕЙНЫЙ ДОКТОР"""	2023	2	0,0	1,373301082120558	3,1445322198070196	1,73759392408917	0,0	1,3733008026180356	3,1445307595664573	1,712745688669045	2023-05-31 10:12:57.567350		predict_arima
Зубная щетка детская	"ООО ""СЕМЕЙНЫЙ ДОКТОР"""	2023	3	0,0	1,3733009032722907	3,1535018998925444	1,665129632620561	0,0	1,3733006237698049	3,153500428599141	1,8184410811732437	2023-05-31 10:12:57.567350		predict_arima
Зубная щетка детская	"ООО ""СЕМЕЙНЫЙ ДОКТОР"""	2023	4	0,0	2,0280140674839333	4,667539888534655	2,8426578047044795	0,0	2,028013654730274	4,667537702698336	2,677303180774217	2023-05-31 10:12:57.567350		predict_arima
Зубная щетка детская	"ООО ""СЕМЕЙНЫЙ ДОКТОР"""	2023	5	0,0	0,894242888558994	2,0618844195343273	1,8326908129471948	0,0	0,8942427065572858	2,061883451059608	1,9481695332003381	2023-05-31 10:12:57.567350		predict_arima
Зубная щетка детская	"ООО ""СЕМЕЙНЫЙ ДОКТОР"""	2023	6	0,0	0,9581177604236739	2,2123870616960746	1,221793573361396	0,0	0,9581175654217663	2,2123860200556913	1,1167391252761696	2023-05-31 10:12:57.567350		predict_arima
Ополаскиватель	"ООО ""СЕМЕЙНЫЙ ДОКТОР"""	2019	1	1,0	0,0	0,0	0,0	1,0	0,0	0,0	0,0	2023-05-31 10:12:57.567350		predict_arima
Ополаскиватель	"ООО ""СЕМЕЙНЫЙ ДОКТОР"""	2019	2	1e-06	0,0	0,0	0,9999989360346556	1e-06	0,0	0,0	0,9999989360346556	2023-05-31 10:12:57.567350		predict_arima
Ополаскиватель	"ООО ""СЕМЕЙНЫЙ ДОКТОР"""	2019	3	2,0	0,0	0,0	0,45433367636865934	2,0	0,0	0,0	0,45433367636865934	2023-05-31 10:12:57.567350		predict_arima
Ополаскиватель	"ООО ""СЕМЕЙНЫЙ ДОКТОР"""	2019	4	1e-06	0,0	0,0	1,1311908294387716	1e-06	0,0	0,0	1,1311908294387716	2023-05-31 10:12:57.567350		predict_arima
Ополаскиватель	"ООО ""СЕМЕЙНЫЙ ДОКТОР"""	2019	5	1e-06	0,0	0,0	0,7133755223809731	1e-06	0,0	0,0	0,7133755223809731	2023-05-31 10:12:57.567350		predict_arima
Ополаскиватель	"ООО ""СЕМЕЙНЫЙ ДОКТОР"""	2019	6	1e-06	0,0	0,0	0,7521766412303679	1e-06	0,0	0,0	0,7521766412303679	2023-05-31 10:12:57.567350		predict_arima
Ополаскиватель	"ООО ""СЕМЕЙНЫЙ ДОКТОР"""	2019	7	2,0	0,0	0,0	0,9399184869294233	2,0	0,0	0,0	0,9399184869294233	2023-05-31 10:12:57.567350		predict_arima
Ополаскиватель	"ООО ""СЕМЕЙНЫЙ ДОКТОР"""	2019	8	2,0	0,0	0,0	0,6766010235394875	2,0	0,0	0,0	0,6766010235394875	2023-05-31 10:12:57.567350		predict_arima
Ополаскиватель	"ООО ""СЕМЕЙНЫЙ ДОКТОР"""	2019	9	1e-06	0,0	0,0	0,04413586271101666	1e-06	0,0	0,0	0,04413586271101666	2023-05-31 10:12:57.567350		predict_arima
Ополаскиватель	"ООО ""СЕМЕЙНЫЙ ДОКТОР"""	2019	10	1e-06	0,0	0,0	0,5566786341529258	1e-06	0,0	0,0	0,5566786341529258	2023-05-31 10:12:57.567350		predict_arima
Ополаскиватель	"ООО ""СЕМЕЙНЫЙ ДОКТОР"""	2019	11	1e-06	0,0	0,0	0,975668550916108	1e-06	0,0	0,0	0,975668550916108	2023-05-31 10:12:57.567350		predict_arima
Ополаскиватель	"ООО ""СЕМЕЙНЫЙ ДОКТОР"""	2019	12	4,0	0,0	0,0	1,4886577331529238	4,0	0,0	0,0	1,4886577331529238	2023-05-31 10:12:57.567350		predict_arima
Ополаскиватель	"ООО ""СЕМЕЙНЫЙ ДОКТОР"""	2020	1	1e-06	0,0	0,0	0,2282120064851254	1e-06	0,0	0,0	0,2282120064851254	2023-05-31 10:12:57.567350		predict_arima
Ополаскиватель	"ООО ""СЕМЕЙНЫЙ ДОКТОР"""	2020	2	1,0	0,0	0,0	0,7591457124001475	1,0	0,0	0,0	0,7591457124001475	2023-05-31 10:12:57.567350		predict_arima
Ополаскиватель	"ООО ""СЕМЕЙНЫЙ ДОКТОР"""	2020	3	2,0	0,0	0,0	1,295836093773884	2,0	0,0	0,0	1,295836093773884	2023-05-31 10:12:57.567350		predict_arima
Ополаскиватель	"ООО ""СЕМЕЙНЫЙ ДОКТОР"""	2020	4	1,0	0,0	0,0	1,6264745176087734	1,0	0,0	0,0	1,6264745176087734	2023-05-31 10:12:57.567350		predict_arima
Ополаскиватель	"ООО ""СЕМЕЙНЫЙ ДОКТОР"""	2020	5	1e-06	0,0	0,0	0,65341356314197	1e-06	0,0	0,0	0,65341356314197	2023-05-31 10:12:57.567350		predict_arima
Ополаскиватель	"ООО ""СЕМЕЙНЫЙ ДОКТОР"""	2020	6	1,0	0,0	0,0	0,48784803389103915	1,0	0,0	0,0	0,48784803389103915	2023-05-31 10:12:57.567350		predict_arima
Ополаскиватель	"ООО ""СЕМЕЙНЫЙ ДОКТОР"""	2020	7	2,0	0,0	0,0	1,7620152578256805	2,0	0,0	0,0	1,7620152578256805	2023-05-31 10:12:57.567350		predict_arima
Ополаскиватель	"ООО ""СЕМЕЙНЫЙ ДОКТОР"""	2020	8	3,0	0,0	0,0	1,2668485890381416	3,0	0,0	0,0	1,2668485890381416	2023-05-31 10:12:57.567350		predict_arima
Ополаскиватель	"ООО ""СЕМЕЙНЫЙ ДОКТОР"""	2020	9	1e-06	0,0	0,0	0,5335102131384981	1e-06	0,0	0,0	0,5335102131384981	2023-05-31 10:12:57.567350		predict_arima
Ополаскиватель	"ООО ""СЕМЕЙНЫЙ ДОКТОР"""	2020	10	1e-06	0,0	0,0	0,0	1e-06	0,0	0,0	0,0	2023-05-31 10:12:57.567350		predict_arima
Ополаскиватель	"ООО ""СЕМЕЙНЫЙ ДОКТОР"""	2020	11	2,0	0,0	0,0	1,5553705626841827	2,0	0,0	0,0	1,5553705626841827	2023-05-31 10:12:57.567350		predict_arima
Ополаскиватель	"ООО ""СЕМЕЙНЫЙ ДОКТОР"""	2020	12	1e-06	0,0	0,0	1,0461047823571923	1e-06	0,0	0,0	1,0461047823571923	2023-05-31 10:12:57.567350		predict_arima
Ополаскиватель	"ООО ""СЕМЕЙНЫЙ ДОКТОР"""	2021	1	1e-06	0,0	0,0	0,9714870898705656	1e-06	0,0	0,0	0,9714870898705656	2023-05-31 10:12:57.567350		predict_arima
Ополаскиватель	"ООО ""СЕМЕЙНЫЙ ДОКТОР"""	2021	2	1e-06	0,0	0,0	1,1217051924190296	1e-06	0,0	0,0	1,1217051924190296	2023-05-31 10:12:57.567350		predict_arima
Ополаскиватель	"ООО ""СЕМЕЙНЫЙ ДОКТОР"""	2021	3	1,0	0,0	0,0	1,834413186145932	1,0	0,0	0,0	1,834413186145932	2023-05-31 10:12:57.567350		predict_arima
Ополаскиватель	"ООО ""СЕМЕЙНЫЙ ДОКТОР"""	2021	4	1e-06	0,0	0,0	1,0276637882945685	1e-06	0,0	0,0	1,0276637882945685	2023-05-31 10:12:57.567350		predict_arima
Ополаскиватель	"ООО ""СЕМЕЙНЫЙ ДОКТОР"""	2021	5	1,0	0,0	0,0	0,16424279930153382	1,0	0,0	0,0	0,16424279930153382	2023-05-31 10:12:57.567350		predict_arima
Ополаскиватель	"ООО ""СЕМЕЙНЫЙ ДОКТОР"""	2021	6	1e-06	0,0	0,0	0,0	1e-06	0,0	0,0	0,0	2023-05-31 10:12:57.567350		predict_arima
Ополаскиватель	"ООО ""СЕМЕЙНЫЙ ДОКТОР"""	2021	7	1e-06	0,0	0,0	0,9304690186310914	1e-06	0,0	0,0	0,9304690186310914	2023-05-31 10:12:57.567350		predict_arima
Ополаскиватель	"ООО ""СЕМЕЙНЫЙ ДОКТОР"""	2021	8	2,0	0,0	0,0	1,4211130283913203	2,0	0,0	0,0	1,4211130283913203	2023-05-31 10:12:57.567350		predict_arima
Ополаскиватель	"ООО ""СЕМЕЙНЫЙ ДОКТОР"""	2021	9	1,0	0,0	0,0	0,7266213034272258	1,0	0,0	0,0	0,7266213034272258	2023-05-31 10:12:57.567350		predict_arima
Ополаскиватель	"ООО ""СЕМЕЙНЫЙ ДОКТОР"""	2021	10	1,0	0,0	0,0	1,128647628534526	1,0	0,0	0,0	1,128647628534526	2023-05-31 10:12:57.567350		predict_arima
Ополаскиватель	"ООО ""СЕМЕЙНЫЙ ДОКТОР"""	2021	11	0,0	0,0	0,0	1,0506222900766302	0,0	0,0	0,0	1,0506222900766302	2023-05-31 10:12:57.567350		predict_arima
Ополаскиватель	"ООО ""СЕМЕЙНЫЙ ДОКТОР"""	2021	12	0,0	0,0	0,0	1,6952774150819483	0,0	0,0	0,0	1,6952774150819483	2023-05-31 10:12:57.567350		predict_arima
Ополаскиватель	"ООО ""СЕМЕЙНЫЙ ДОКТОР"""	2022	1	0,0	0,0	0,0	1,2230523870295853	0,0	0,0	0,0	1,2230523870295853	2023-05-31 10:12:57.567350		predict_arima
Ополаскиватель	"ООО ""СЕМЕЙНЫЙ ДОКТОР"""	2022	2	0,0	0,0	0,0	1,2740404475127638	0,0	0,0	0,0	1,2740404475127638	2023-05-31 10:12:57.567350		predict_arima
Ополаскиватель	"ООО ""СЕМЕЙНЫЙ ДОКТОР"""	2022	3	0,0	0,0	0,0	1,131186624316896	0,0	0,0	0,0	1,131186624316896	2023-05-31 10:12:57.567350		predict_arima
Ополаскиватель	"ООО ""СЕМЕЙНЫЙ ДОКТОР"""	2022	4	0,0	0,0	0,0	1,5584813488968428	0,0	0,0	0,0	1,5584813488968428	2023-05-31 10:12:57.567350		predict_arima
Ополаскиватель	"ООО ""СЕМЕЙНЫЙ ДОКТОР"""	2022	5	0,0	0,0	0,0	1,3109354320703748	0,0	0,0	0,0	1,3109354320703748	2023-05-31 10:12:57.567350		predict_arima
Ополаскиватель	"ООО ""СЕМЕЙНЫЙ ДОКТОР"""	2022	6	0,0	0,0	0,0	0,4906095665872685	0,0	0,0	0,0	0,4906095665872685	2023-05-31 10:12:57.567350		predict_arima
Ополаскиватель	"ООО ""СЕМЕЙНЫЙ ДОКТОР"""	2022	7	0,0	0,0	0,0	0,8530413481676761	0,0	0,0	0,0	0,8530413481676761	2023-05-31 10:12:57.567350		predict_arima
Ополаскиватель	"ООО ""СЕМЕЙНЫЙ ДОКТОР"""	2022	8	0,0	0,0	0,0	0,7801469483944942	0,0	0,0	0,0	0,7801469483944942	2023-05-31 10:12:57.567350		predict_arima
Ополаскиватель	"ООО ""СЕМЕЙНЫЙ ДОКТОР"""	2022	9	0,0	0,0	0,0	0,9075438834105493	0,0	0,0	0,0	0,9075438834105493	2023-05-31 10:12:57.567350		predict_arima
Ополаскиватель	"ООО ""СЕМЕЙНЫЙ ДОКТОР"""	2022	10	0,0	0,0	0,0	0,43497006733111054	0,0	0,0	0,0	0,43497006733111054	2023-05-31 10:12:57.567350		predict_arima
Ополаскиватель	"ООО ""СЕМЕЙНЫЙ ДОКТОР"""	2022	11	0,0	0,0	0,0	0,5984888581294653	0,0	0,0	0,0	0,5984888581294653	2023-05-31 10:12:57.567350		predict_arima
Ополаскиватель	"ООО ""СЕМЕЙНЫЙ ДОКТОР"""	2022	12	0,0	0,0	0,0	0,6591541936437151	0,0	0,0	0,0	0,6591541936437151	2023-05-31 10:12:57.567350		predict_arima
Ополаскиватель	"ООО ""СЕМЕЙНЫЙ ДОКТОР"""	2023	1	0,0	0,0	0,0	0,6913164569283785	0,0	0,0	0,0	0,6913164569283785	2023-05-31 10:12:57.567350		predict_arima
Ополаскиватель	"ООО ""СЕМЕЙНЫЙ ДОКТОР"""	2023	2	0,0	0,0	0,0	0,520140282317302	0,0	0,0	0,0	0,520140282317302	2023-05-31 10:12:57.567350		predict_arima
Ополаскиватель	"ООО ""СЕМЕЙНЫЙ ДОКТОР"""	2023	3	0,0	0,0	0,0	0,6653974158755954	0,0	0,0	0,0	0,6653974158755954	2023-05-31 10:12:57.567350		predict_arima
Ополаскиватель	"ООО ""СЕМЕЙНЫЙ ДОКТОР"""	2023	4	0,0	0,0	0,0	1,0591319493087097	0,0	0,0	0,0	1,0591319493087097	2023-05-31 10:12:57.567350		predict_arima
Спрей д/рта	"ООО ""СЕМЕЙНЫЙ ДОКТОР"""	2019	2	1,0	0,0	0,0	0,0	1,0	0,0	0,0	0,0	2023-05-31 10:12:57.567350		predict_arima_corr
Спрей д/рта	"ООО ""СЕМЕЙНЫЙ ДОКТОР"""	2019	3	1e-06	0,0	0,0	0,9999995745593625	1e-06	0,0	0,0	0,9999999079163449	2023-05-31 10:12:57.567350		predict_arima_corr
Спрей д/рта	"ООО ""СЕМЕЙНЫЙ ДОКТОР"""	2019	4	1e-06	0,0	0,0	0,2755436746854876	1e-06	0,0	0,0	0,11605041080528478	2023-05-31 10:12:57.567350		predict_arima_corr
Спрей д/рта	"ООО ""СЕМЕЙНЫЙ ДОКТОР"""	2019	5	1e-06	0,0	0,0	0,220384904132888	1e-06	0,0	0,0	0,282049252121093	2023-05-31 10:12:57.567350		predict_arima_corr
Спрей д/рта	"ООО ""СЕМЕЙНЫЙ ДОКТОР"""	2019	6	4,0	0,0	0,0	0,3673367246068195	2,4999985000000002	0,0	0,0	0,34772831843441526	2023-05-31 10:12:57.567350		predict_arima_corr
Спрей д/рта	"ООО ""СЕМЕЙНЫЙ ДОКТОР"""	2019	7	1,0	0,0	0,0	2,2111194252871984	1,0	0,0	0,0	1,9234105981245322	2023-05-31 10:12:57.567350		predict_arima_corr
Спрей д/рта	"ООО ""СЕМЕЙНЫЙ ДОКТОР"""	2019	8	1e-06	0,0	0,0	0,7339427786797886	1e-06	0,0	0,0	0,551380973317634	2023-05-31 10:12:57.567350		predict_arima_corr
Спрей д/рта	"ООО ""СЕМЕЙНЫЙ ДОКТОР"""	2019	9	1e-06	0,0	0,0	0,0	1e-06	0,0	0,0	0,0	2023-05-31 10:12:57.567350		predict_arima_corr
Спрей д/рта	"ООО ""СЕМЕЙНЫЙ ДОКТОР"""	2019	10	1e-06	0,0	0,0	0,6850995162244645	1e-06	0,0	0,0	0,30116440483778434	2023-05-31 10:12:57.567350		predict_arima_corr
Спрей д/рта	"ООО ""СЕМЕЙНЫЙ ДОКТОР"""	2019	11	1,0	0,0	0,0	0,10266247788579635	1,0	0,0	0,0	0,5216642814403831	2023-05-31 10:12:57.567350		predict_arima_corr
Спрей д/рта	"ООО ""СЕМЕЙНЫЙ ДОКТОР"""	2019	12	3,0	0,0	0,0	2,808841772137848	2,4999985000000002	0,0	0,0	1,5282005414379718	2023-05-31 10:12:57.567350		predict_arima_corr
Спрей д/рта	"ООО ""СЕМЕЙНЫЙ ДОКТОР"""	2020	1	2,0	0,0	0,0	1,3492146026842833	2,0	0,0	0,0	1,6292529549065902	2023-05-31 10:12:57.567350		predict_arima_corr
Спрей д/рта	"ООО ""СЕМЕЙНЫЙ ДОКТОР"""	2020	2	1,0	0,0	0,0	0,4424576970961467	1,0	0,0	0,0	0,8112248373516988	2023-05-31 10:12:57.567350		predict_arima_corr
Спрей д/рта	"ООО ""СЕМЕЙНЫЙ ДОКТОР"""	2020	3	1e-06	0,0	0,0	0,5418234097963452	1e-06	0,0	0,0	0,049559933146231305	2023-05-31 10:12:57.567350		predict_arima_corr
Спрей д/рта	"ООО ""СЕМЕЙНЫЙ ДОКТОР"""	2020	4	1,0	0,0	0,0	0,4937454092981952	1,0	0,0	0,0	1,278705487279776	2023-05-31 10:12:57.567350		predict_arima_corr
Спрей д/рта	"ООО ""СЕМЕЙНЫЙ ДОКТОР"""	2020	5	1e-06	0,0	0,0	1,246023804929845	1e-06	0,0	0,0	0,7694399598457957	2023-05-31 10:12:57.567350		predict_arima_corr
Спрей д/рта	"ООО ""СЕМЕЙНЫЙ ДОКТОР"""	2020	6	1e-06	0,0	0,0	1,740009071554374	1e-06	0,0	0,0	1,0587459489497362	2023-05-31 10:12:57.567350		predict_arima_corr
Спрей д/рта	"ООО ""СЕМЕЙНЫЙ ДОКТОР"""	2020	7	1e-06	0,0	0,0	0,7360076269659592	1e-06	0,0	0,0	0,30498519289972226	2023-05-31 10:12:57.567350		predict_arima_corr
Спрей д/рта	"ООО ""СЕМЕЙНЫЙ ДОКТОР"""	2020	8	1e-06	0,0	0,0	0,4298374360886589	1e-06	0,0	0,0	0,0817336024966639	2023-05-31 10:12:57.567350		predict_arima_corr
Спрей д/рта	"ООО ""СЕМЕЙНЫЙ ДОКТОР"""	2020	9	1e-06	0,0	0,0	0,0	1e-06	0,0	0,0	0,050464180742374486	2023-05-31 10:12:57.567350		predict_arima_corr
Спрей д/рта	"ООО ""СЕМЕЙНЫЙ ДОКТОР"""	2020	10	1e-06	0,0	0,0	0,7663030802092745	1e-06	0,0	0,0	0,736358313290916	2023-05-31 10:12:57.567350		predict_arima_corr
Спрей д/рта	"ООО ""СЕМЕЙНЫЙ ДОКТОР"""	2020	11	1e-06	0,0	0,0	0,13242311240607826	1e-06	0,0	0,0	0,07296888658261715	2023-05-31 10:12:57.567350		predict_arima_corr
Спрей д/рта	"ООО ""СЕМЕЙНЫЙ ДОКТОР"""	2020	12	1e-06	0,0	0,0	0,2002520337954275	1e-06	0,0	0,0	0,09261863894837062	2023-05-31 10:12:57.567350		predict_arima_corr
Спрей д/рта	"ООО ""СЕМЕЙНЫЙ ДОКТОР"""	2021	1	1e-06	0,0	0,0	0,27149291888975435	1e-06	0,0	0,0	0,0	2023-05-31 10:12:57.567350		predict_arima_corr
Спрей д/рта	"ООО ""СЕМЕЙНЫЙ ДОКТОР"""	2021	2	1e-06	0,0	0,0	0,2626536203671491	1e-06	0,0	0,0	0,6562311071317883	2023-05-31 10:12:57.567350		predict_arima_corr
Спрей д/рта	"ООО ""СЕМЕЙНЫЙ ДОКТОР"""	2021	3	1e-06	0,0	0,0	0,25437123642833726	1e-06	0,0	0,0	0,0	2023-05-31 10:12:57.567350		predict_arima_corr
Спрей д/рта	"ООО ""СЕМЕЙНЫЙ ДОКТОР"""	2021	4	1e-06	0,0	0,0	0,2465947264973133	1e-06	0,0	0,0	0,48848978635932516	2023-05-31 10:12:57.567350		predict_arima_corr
Спрей д/рта	"ООО ""СЕМЕЙНЫЙ ДОКТОР"""	2021	5	1e-06	0,0	0,0	0,23927910218791895	1e-06	0,0	0,0	0,0	2023-05-31 10:12:57.567350		predict_arima_corr
Спрей д/рта	"ООО ""СЕМЕЙНЫЙ ДОКТОР"""	2021	6	2,0	0,0	0,0	0,23238455607469113	2,0	0,0	0,0	0,32457338228467186	2023-05-31 10:12:57.567350		predict_arima_corr
Спрей д/рта	"ООО ""СЕМЕЙНЫЙ ДОКТОР"""	2021	7	1,0	0,0	0,0	0,9883045415721994	1,0	0,0	0,0	1,2561398076843193	2023-05-31 10:12:57.567350		predict_arima_corr
Спрей д/рта	"ООО ""СЕМЕЙНЫЙ ДОКТОР"""	2021	8	1e-06	0,0	0,0	0,5071526723489479	1e-06	0,0	0,0	0,37515477468389746	2023-05-31 10:12:57.567350		predict_arima_corr
Спрей д/рта	"ООО ""СЕМЕЙНЫЙ ДОКТОР"""	2021	9	1e-06	0,0	0,0	0,07346878655138545	1e-06	0,0	0,0	0,0	2023-05-31 10:12:57.567350		predict_arima_corr
Спрей д/рта	"ООО ""СЕМЕЙНЫЙ ДОКТОР"""	2021	10	2,0	0,0	0,0	0,4152357523365988	2,0	0,0	0,0	0,14417382101383083	2023-05-31 10:12:57.567350		predict_arima_corr
Спрей д/рта	"ООО ""СЕМЕЙНЫЙ ДОКТОР"""	2021	11	0,0	0,0	0,0	0,33974395191020856	0,0	0,0	0,0	0,4091727097118807	2023-05-31 10:12:57.567350		predict_arima_corr
Спрей д/рта	"ООО ""СЕМЕЙНЫЙ ДОКТОР"""	2021	12	0,0	0,0	0,0	1,3374415472209904	0,0	0,0	0,0	0,8368454187357479	2023-05-31 10:12:57.567350		predict_arima_corr
Спрей д/рта	"ООО ""СЕМЕЙНЫЙ ДОКТОР"""	2022	1	0,0	0,0	0,0	0,9231879431564592	0,0	0,0	0,0	0,8173014756226917	2023-05-31 10:12:57.567350		predict_arima_corr
Спрей д/рта	"ООО ""СЕМЕЙНЫЙ ДОКТОР"""	2022	2	0,0	0,0	0,0	0,22292322812411747	0,0	0,0	0,0	0,18049567415958134	2023-05-31 10:12:57.567350		predict_arima_corr
Спрей д/рта	"ООО ""СЕМЕЙНЫЙ ДОКТОР"""	2022	3	0,0	0,0	0,0	0,11952032294280615	0,0	0,0	0,0	0,0	2023-05-31 10:12:57.567350		predict_arima_corr
Спрей д/рта	"ООО ""СЕМЕЙНЫЙ ДОКТОР"""	2022	4	0,0	0,0	0,0	0,5682577104610648	0,0	0,0	0,0	0,7989223673223657	2023-05-31 10:12:57.567350		predict_arima_corr
Спрей д/рта	"ООО ""СЕМЕЙНЫЙ ДОКТОР"""	2022	5	0,0	0,0	0,0	0,5420656155187105	0,0	0,0	0,0	0,4962833440512371	2023-05-31 10:12:57.567350		predict_arima_corr
Спрей д/рта	"ООО ""СЕМЕЙНЫЙ ДОКТОР"""	2022	6	0,0	0,0	0,0	0,9848860880195301	0,0	0,0	0,0	0,6722630292700527	2023-05-31 10:12:57.567350		predict_arima_corr
Спрей д/рта	"ООО ""СЕМЕЙНЫЙ ДОКТОР"""	2022	7	0,0	0,0	0,0	0,8004584210165671	0,0	0,0	0,0	0,44884548350580883	2023-05-31 10:12:57.567350		predict_arima_corr
Спрей д/рта	"ООО ""СЕМЕЙНЫЙ ДОКТОР"""	2022	8	0,0	0,0	0,0	0,3766996770951957	0,0	0,0	0,0	0,2765247607883258	2023-05-31 10:12:57.567350		predict_arima_corr
Спрей д/рта	"ООО ""СЕМЕЙНЫЙ ДОКТОР"""	2022	9	0,0	0,0	0,0	0,24889683394303305	0,0	0,0	0,0	0,12911182641429791	2023-05-31 10:12:57.567350		predict_arima_corr
Спрей д/рта	"ООО ""СЕМЕЙНЫЙ ДОКТОР"""	2022	10	0,0	0,0	0,0	0,6024606431432307	0,0	0,0	0,0	0,5219863648881768	2023-05-31 10:12:57.567350		predict_arima_corr
Спрей д/рта	"ООО ""СЕМЕЙНЫЙ ДОКТОР"""	2022	11	0,0	0,0	0,0	0,6301594437730084	0,0	0,0	0,0	0,733426560249156	2023-05-31 10:12:57.567350		predict_arima_corr
Спрей д/рта	"ООО ""СЕМЕЙНЫЙ ДОКТОР"""	2022	12	0,0	0,0	0,0	0,8023077661548195	0,0	0,0	0,0	0,4982410955446171	2023-05-31 10:12:57.567350		predict_arima_corr
Спрей д/рта	"ООО ""СЕМЕЙНЫЙ ДОКТОР"""	2023	1	0,0	0,0	0,0	0,6997622246756778	0,0	0,0	0,0	0,21053175500459287	2023-05-31 10:12:57.567350		predict_arima_corr
Спрей д/рта	"ООО ""СЕМЕЙНЫЙ ДОКТОР"""	2023	2	0,0	0,0	0,0	0,46706973667367824	0,0	0,0	0,0	0,49809871251556204	2023-05-31 10:12:57.567350		predict_arima_corr
Спрей д/рта	"ООО ""СЕМЕЙНЫЙ ДОКТОР"""	2023	3	0,0	0,0	0,0	0,36108003899040475	0,0	0,0	0,0	0,2145749953974454	2023-05-31 10:12:57.567350		predict_arima_corr
Спрей д/рта	"ООО ""СЕМЕЙНЫЙ ДОКТОР"""	2023	4	0,0	0,0	0,0	0,6022038943075068	0,0	0,0	0,0	0,6094724789331409	2023-05-31 10:12:57.567350		predict_arima_corr
